Date,Comp_Social,Neg_Social,Neu_Social,Pos_Social
2009-04-06,0.0,0.0,1.0,0.0
2009-04-15,0.4588,0.07400000000000001,0.7709999999999999,0.154
2009-04-21,0.0,0.0,1.0,0.0
2009-07-08,-0.9661,0.434,0.5660000000000001,0.0
2009-07-24,0.0,0.0,1.0,0.0
2009-07-28,0.0,0.0,1.0,0.0
2009-10-09,0.4497,0.07200000000000001,0.7959999999999999,0.132
2009-10-23,0.5719,0.0,0.955,0.045
2009-10-26,0.0,0.0,1.0,0.0
2009-11-05,0.0,0.0,1.0,0.0
2009-12-23,0.0,0.0,1.0,0.0
2010-01-09,-0.4215,0.087,0.913,0.0
2010-01-12,0.449,0.064,0.841,0.095
2010-01-13,0.0,0.0,1.0,0.0
2010-03-25,0.7096,0.0,0.927,0.073
2010-04-13,0.5258,0.039,0.868,0.093
2010-04-15,0.2177,0.049,0.882,0.069
2010-04-20,0.9796,0.0,0.7829999999999999,0.217
2010-07-09,0.0,0.0,1.0,0.0
2010-07-12,0.2023,0.0,0.973,0.027000000000000003
2010-07-13,0.9506,0.02,0.887,0.094
2010-07-14,0.0,0.0,1.0,0.0
2010-07-16,0.29600000000000004,0.0,0.7609999999999999,0.239
2010-08-04,0.0,0.0,1.0,0.0
2010-09-16,0.0,0.0,1.0,0.0
2010-09-21,0.7184,0.0,0.857,0.14300000000000002
2010-10-09,0.0,0.0,1.0,0.0
2010-10-15,0.0,0.0,1.0,0.0
2010-10-21,0.9628,0.0,0.6629999999999999,0.337
2010-10-25,0.6597,0.0,0.838,0.162
2010-10-29,0.0,0.0,1.0,0.0
2010-11-30,0.0,0.0,1.0,0.0
2011-01-04,0.7269,0.0,0.643,0.35700000000000004
2011-01-07,-0.7755,0.217,0.736,0.047
2011-01-10,0.0,0.0,1.0,0.0
2011-01-11,0.4019,0.0,0.828,0.172
2011-01-12,0.0,0.0,1.0,0.0
2011-01-13,0.9631,0.049,0.812,0.139
2011-01-17,-0.4939,0.08199999999999999,0.918,0.0
2011-01-18,0.0,0.0,1.0,0.0
2011-01-19,0.0,0.0,1.0,0.0
2011-01-20,-0.29600000000000004,0.075,0.925,0.0
2011-02-10,0.3612,0.064,0.8109999999999999,0.124
2011-03-04,0.5267,0.0,0.848,0.152
2011-03-05,0.4404,0.0,0.8540000000000001,0.146
2011-03-11,0.5267,0.0,0.956,0.044
2011-03-20,0.5859,0.043,0.8109999999999999,0.146
2011-03-23,0.5267,0.0,0.93,0.07
2011-03-24,0.7184,0.0,0.878,0.122
2011-03-25,0.9628,0.0,0.83,0.17
2011-04-05,0.0,0.0,1.0,0.0
2011-04-07,0.0,0.0,1.0,0.0
2011-04-09,0.0,0.0,1.0,0.0
2011-04-10,0.0,0.0,1.0,0.0
2011-04-11,0.0,0.0,1.0,0.0
2011-04-13,0.0,0.0,1.0,0.0
2011-04-14,0.0,0.0,1.0,0.0
2011-04-15,0.9771,0.051,0.853,0.096
2011-04-16,-0.1531,0.068,0.888,0.044
2011-04-17,-0.29600000000000004,0.058,0.942,0.0
2011-04-18,0.3182,0.033,0.898,0.069
2011-04-19,-0.2732,0.14300000000000002,0.753,0.104
2011-04-30,0.5023,0.0,0.8540000000000001,0.146
2011-05-02,0.0,0.0,1.0,0.0
2011-05-12,0.0,0.0,1.0,0.0
2011-05-15,0.0,0.0,1.0,0.0
2011-05-17,0.0,0.0,1.0,0.0
2011-05-18,0.7003,0.0,0.976,0.024
2011-05-19,0.0,0.0,1.0,0.0
2011-05-20,0.0,0.0,1.0,0.0
2011-05-25,-0.875,0.234,0.7659999999999999,0.0
2011-05-26,0.705,0.0,0.631,0.369
2011-05-31,0.0,0.0,1.0,0.0
2011-06-24,0.0,0.0,1.0,0.0
2011-06-26,0.0,0.0,1.0,0.0
2011-07-01,0.3818,0.0,0.852,0.14800000000000002
2011-07-10,0.2023,0.0,0.993,0.006999999999999999
2011-07-11,0.5267,0.036000000000000004,0.872,0.092
2011-07-12,-0.9403,0.124,0.8759999999999999,0.0
2011-07-13,0.2023,0.0,0.8859999999999999,0.114
2011-08-05,-0.8481,0.227,0.773,0.0
2011-08-18,-0.7003,0.149,0.851,0.0
2011-08-19,0.4588,0.0,0.917,0.083
2011-08-20,0.4588,0.0,0.948,0.052000000000000005
2011-08-21,0.802,0.0,0.795,0.205
2011-09-09,-0.4588,0.17600000000000002,0.8240000000000001,0.0
2011-09-13,0.0,0.0,1.0,0.0
2011-09-16,0.5719,0.0,0.73,0.27
2011-09-22,0.0,0.0,1.0,0.0
2011-09-27,0.5622,0.0,0.917,0.083
2011-09-29,0.0,0.0,1.0,0.0
2011-10-05,0.0,0.0,1.0,0.0
2011-10-07,0.0,0.0,1.0,0.0
2011-10-09,0.0,0.0,1.0,0.0
2011-10-11,0.5859,0.0,0.888,0.112
2011-10-12,0.8555,0.0,0.96,0.04
2011-10-13,0.6808,0.064,0.774,0.162
2011-10-18,0.0,0.146,0.669,0.185
2011-12-09,0.0,0.0,1.0,0.0
2011-12-12,0.0,0.0,1.0,0.0
2011-12-13,0.9929,0.027000000000000003,0.759,0.214
2011-12-16,0.0,0.0,1.0,0.0
2011-12-22,0.4588,0.066,0.8079999999999999,0.126
2012-01-09,0.0,0.0,1.0,0.0
2012-01-11,0.0,0.0,1.0,0.0
2012-01-12,0.7586,0.078,0.836,0.086
2012-01-13,0.0,0.0,1.0,0.0
2012-01-17,0.29600000000000004,0.0,0.901,0.099
2012-01-31,0.0,0.0,1.0,0.0
2012-02-01,0.0,0.0,1.0,0.0
2012-03-06,0.0,0.0,1.0,0.0
2012-03-07,-0.29600000000000004,0.11,0.89,0.0
2012-03-08,0.0,0.0,1.0,0.0
2012-03-09,0.0,0.0,1.0,0.0
2012-03-10,0.0,0.0,1.0,0.0
2012-03-11,0.0,0.0,1.0,0.0
2012-03-12,0.9835,0.0,0.765,0.235
2012-03-14,0.0,0.0,1.0,0.0
2012-03-19,0.9968,0.0,0.768,0.232
2012-03-20,0.0,0.0,1.0,0.0
2012-03-25,0.0,0.0,1.0,0.0
2012-03-26,0.0,0.0,1.0,0.0
2012-03-28,-0.4215,0.226,0.774,0.0
2012-04-02,0.9079,0.0,0.778,0.222
2012-04-03,0.0,0.0,1.0,0.0
2012-04-06,0.0,0.0,1.0,0.0
2012-04-07,0.0,0.0,1.0,0.0
2012-04-10,-0.1531,0.138,0.862,0.0
2012-04-11,0.0,0.0,1.0,0.0
2012-04-12,-0.4201,0.099,0.841,0.06
2012-04-13,-0.9705,0.094,0.862,0.044
2012-04-14,-0.3612,0.068,0.932,0.0
2012-04-15,-0.6461,0.118,0.836,0.045
2012-04-16,-0.0152,0.038,0.921,0.041
2012-04-17,-0.7506,0.171,0.785,0.044
2012-04-18,-0.2732,0.166,0.68,0.154
2012-04-19,0.34,0.0,0.833,0.16699999999999998
2012-04-20,-0.4404,0.066,0.934,0.0
2012-04-22,-0.5183,0.098,0.902,0.0
2012-04-23,0.0,0.0,1.0,0.0
2012-04-24,0.5413,0.05,0.789,0.161
2012-04-26,0.0,0.0,1.0,0.0
2012-04-28,0.0,0.0,1.0,0.0
2012-04-29,0.0,0.0,1.0,0.0
2012-04-30,0.0,0.0,1.0,0.0
2012-05-02,0.0,0.0,1.0,0.0
2012-05-03,0.0,0.0,1.0,0.0
2012-05-04,-0.1531,0.052000000000000005,0.948,0.0
2012-05-05,0.0,0.0,1.0,0.0
2012-05-07,0.0,0.0,1.0,0.0
2012-05-08,-0.1531,0.078,0.922,0.0
2012-05-09,-0.29600000000000004,0.07200000000000001,0.928,0.0
2012-05-10,0.0,0.0,1.0,0.0
2012-05-14,0.0,0.0,1.0,0.0
2012-05-15,-0.1531,0.138,0.862,0.0
2012-05-21,0.4404,0.0,0.868,0.132
2012-05-23,0.0,0.0,1.0,0.0
2012-05-27,0.7713,0.0,0.588,0.412
2012-05-30,0.0,0.0,1.0,0.0
2012-06-04,0.0,0.0,1.0,0.0
2012-06-09,0.6249,0.0,0.6609999999999999,0.339
2012-06-11,0.0,0.0,1.0,0.0
2012-06-12,0.3716,0.0,0.887,0.113
2012-06-14,0.0,0.0,1.0,0.0
2012-06-15,0.0,0.0,1.0,0.0
2012-06-17,0.7351,0.0,0.708,0.292
2012-06-20,0.0,0.0,1.0,0.0
2012-06-26,0.0,0.0,1.0,0.0
2012-07-02,0.5106,0.0,0.708,0.292
2012-07-03,0.4404,0.0,0.7559999999999999,0.244
2012-07-04,0.0,0.0,1.0,0.0
2012-07-05,0.0,0.0,1.0,0.0
2012-07-07,0.0,0.0,1.0,0.0
2012-07-09,0.4404,0.0,0.775,0.225
2012-07-10,0.8625,0.0,0.845,0.155
2012-07-12,-0.8559,0.075,0.857,0.067
2012-07-13,0.9382,0.023,0.8909999999999999,0.086
2012-07-14,-0.0516,0.079,0.845,0.076
2012-07-15,0.4404,0.036000000000000004,0.884,0.08
2012-07-16,-0.0772,0.053,0.8959999999999999,0.05
2012-07-17,-0.5574,0.17,0.722,0.108
2012-07-18,0.2023,0.0,0.94,0.06
2012-07-19,-0.4019,0.094,0.906,0.0
2012-07-25,0.0,0.0,1.0,0.0
2012-07-31,0.4019,0.0,0.879,0.121
2012-08-21,0.0,0.0,1.0,0.0
2012-08-24,0.7506,0.071,0.799,0.129
2012-08-25,0.7184,0.0,0.917,0.083
2012-08-26,0.8807,0.0,0.921,0.079
2012-08-27,0.3818,0.0,0.932,0.068
2012-09-07,0.3818,0.0,0.913,0.087
2012-09-08,0.8555,0.0,0.913,0.087
2012-09-09,0.9933,0.0,0.8220000000000001,0.17800000000000002
2012-09-10,0.3818,0.0,0.955,0.045
2012-09-13,0.4215,0.0,0.953,0.047
2012-09-18,0.3818,0.0,0.8590000000000001,0.141
2012-09-20,0.0,0.0,1.0,0.0
2012-09-26,0.0,0.0,1.0,0.0
2012-09-27,0.3818,0.0,0.923,0.077
2012-09-28,0.4404,0.0,0.952,0.048
2012-09-29,0.0,0.0,1.0,0.0
2012-09-30,0.0,0.0,1.0,0.0
2012-10-02,0.5106,0.0,0.708,0.292
2012-10-08,0.6369,0.0,0.682,0.318
2012-10-10,0.0,0.0,1.0,0.0
2012-10-11,0.34,0.09,0.81,0.1
2012-10-12,-0.7901,0.116,0.804,0.08
2012-10-13,-0.3919,0.069,0.931,0.0
2012-10-15,0.5719,0.027000000000000003,0.88,0.093
2012-10-21,-0.1531,0.138,0.862,0.0
2012-10-26,0.0,0.0,1.0,0.0
2012-10-28,0.2732,0.0,0.826,0.174
2012-11-01,0.0,0.0,1.0,0.0
2012-11-02,0.0,0.0,1.0,0.0
2012-11-07,0.0,0.0,1.0,0.0
2012-11-08,0.0,0.0,1.0,0.0
2012-11-15,0.0,0.0,1.0,0.0
2012-11-21,0.0,0.0,1.0,0.0
2012-11-22,0.0,0.0,1.0,0.0
2012-11-24,0.0,0.0,1.0,0.0
2012-11-26,0.0,0.0,1.0,0.0
2012-11-30,0.0,0.0,1.0,0.0
2012-12-01,0.0,0.0,1.0,0.0
2012-12-02,0.0,0.0,1.0,0.0
2012-12-03,-0.5106,0.102,0.898,0.0
2012-12-05,-0.5423,0.065,0.91,0.025
2012-12-06,0.8494,0.0,0.7659999999999999,0.234
2012-12-12,0.0,0.0,1.0,0.0
2012-12-13,0.0,0.0,1.0,0.0
2012-12-14,0.7184,0.0,0.917,0.083
2012-12-15,0.5267,0.0,0.907,0.093
2012-12-17,0.6369,0.0,0.927,0.073
2012-12-20,0.5267,0.0,0.7020000000000001,0.298
2012-12-23,0.0,0.0,1.0,0.0
2012-12-26,0.0,0.0,1.0,0.0
2012-12-28,0.9661,0.188,0.555,0.257
2013-01-01,0.0,0.0,1.0,0.0
2013-01-02,0.5106,0.0,0.708,0.292
2013-01-04,0.6369,0.048,0.7829999999999999,0.168
2013-01-07,0.4466,0.0,0.908,0.092
2013-01-08,0.2023,0.0,0.947,0.053
2013-01-10,-0.34,0.152,0.777,0.071
2013-01-11,0.9974,0.015,0.88,0.105
2013-01-12,0.5267,0.0,0.93,0.07
2013-01-13,0.0,0.0,1.0,0.0
2013-01-14,-0.7506,0.147,0.853,0.0
2013-01-15,0.0,0.0,1.0,0.0
2013-01-16,0.6808,0.0,0.804,0.196
2013-01-17,0.4019,0.0,0.8809999999999999,0.119
2013-01-18,0.4767,0.12,0.622,0.258
2013-01-19,0.0,0.0,1.0,0.0
2013-01-20,0.0,0.0,1.0,0.0
2013-01-22,0.6369,0.0,0.856,0.14400000000000002
2013-01-25,0.4767,0.087,0.777,0.136
2013-01-26,0.2023,0.0,0.893,0.107
2013-01-28,0.0,0.0,1.0,0.0
2013-01-30,0.6369,0.0,0.925,0.075
2013-01-31,0.0,0.0,1.0,0.0
2013-02-04,0.7506,0.0,0.8079999999999999,0.192
2013-02-05,0.0,0.0,1.0,0.0
2013-02-07,-0.5875,0.069,0.931,0.0
2013-02-10,0.0,0.0,1.0,0.0
2013-02-12,0.0,0.0,1.0,0.0
2013-02-13,0.7983,0.0,0.885,0.115
2013-02-20,0.0,0.0,1.0,0.0
2013-02-22,0.5106,0.0,0.732,0.268
2013-02-24,0.0,0.0,1.0,0.0
2013-02-25,0.0,0.0,1.0,0.0
2013-02-28,0.0,0.0,1.0,0.0
2013-03-07,0.4019,0.0,0.953,0.047
2013-03-09,0.0,0.0,1.0,0.0
2013-03-12,0.1779,0.0,0.898,0.102
2013-03-14,0.0,0.0,1.0,0.0
2013-03-15,0.0,0.0,1.0,0.0
2013-03-16,0.0,0.0,1.0,0.0
2013-03-18,0.4019,0.0,0.787,0.213
2013-03-19,0.0,0.0,1.0,0.0
2013-03-20,0.0,0.0,1.0,0.0
2013-03-22,0.0,0.0,1.0,0.0
2013-03-23,0.0,0.0,1.0,0.0
2013-03-24,0.6369,0.0,0.8109999999999999,0.189
2013-03-26,0.0,0.0,1.0,0.0
2013-04-01,0.0,0.0,1.0,0.0
2013-04-02,0.0,0.0,1.0,0.0
2013-04-03,0.3818,0.0,0.7759999999999999,0.224
2013-04-04,0.0,0.0,1.0,0.0
2013-04-09,0.0,0.0,1.0,0.0
2013-04-10,0.0,0.0,1.0,0.0
2013-04-12,-0.9908,0.113,0.8079999999999999,0.079
2013-04-13,0.9618,0.031,0.866,0.102
2013-04-14,-0.9403,0.192,0.8079999999999999,0.0
2013-04-15,-0.913,0.205,0.757,0.038
2013-04-16,0.0,0.0,1.0,0.0
2013-04-17,0.0,0.0,1.0,0.0
2013-04-20,0.6369,0.0,0.833,0.16699999999999998
2013-04-22,0.0,0.0,1.0,0.0
2013-04-23,0.6369,0.0,0.93,0.07
2013-04-24,-0.128,0.134,0.773,0.092
2013-04-25,0.6486,0.0,0.71,0.29
2013-04-27,0.0516,0.044,0.907,0.049
2013-04-30,0.0,0.0,1.0,0.0
2013-05-03,0.0,0.0,1.0,0.0
2013-05-08,0.0,0.0,1.0,0.0
2013-05-09,0.8519,0.0,0.601,0.399
2013-05-21,0.3506,0.0,0.944,0.056
2013-05-22,-0.2263,0.119,0.8809999999999999,0.0
2013-05-23,0.0,0.0,1.0,0.0
2013-05-24,0.0,0.0,1.0,0.0
2013-05-29,0.0,0.0,1.0,0.0
2013-05-31,0.0,0.0,1.0,0.0
2013-06-01,0.9931,0.005,0.8370000000000001,0.159
2013-06-02,0.3818,0.02,0.928,0.052000000000000005
2013-06-03,0.7170000000000001,0.011,0.934,0.056
2013-06-04,0.4939,0.0,0.939,0.061
2013-06-05,0.7579,0.0,0.8759999999999999,0.124
2013-06-06,0.0,0.0,1.0,0.0
2013-06-07,0.0,0.0,1.0,0.0
2013-06-09,0.0,0.0,1.0,0.0
2013-06-10,0.0,0.0,1.0,0.0
2013-06-11,0.7096,0.0,0.7809999999999999,0.219
2013-06-13,0.4466,0.0,0.914,0.086
2013-06-16,0.0,0.0,1.0,0.0
2013-06-20,-0.6369,0.035,0.953,0.012
2013-07-05,0.0,0.0,1.0,0.0
2013-07-11,0.6158,0.029,0.911,0.059
2013-07-12,0.9954,0.053,0.8240000000000001,0.123
2013-07-13,-0.4201,0.104,0.8959999999999999,0.0
2013-07-19,0.836,0.043,0.753,0.205
2013-07-24,0.8481,0.0,0.746,0.254
2013-08-03,0.5106,0.0,0.941,0.059
2013-08-06,0.3612,0.0,0.906,0.094
2013-08-08,0.5106,0.0,0.8290000000000001,0.171
2013-08-11,0.5106,0.0,0.8290000000000001,0.171
2013-09-04,0.765,0.0,0.889,0.111
2013-09-10,0.5106,0.0,0.8290000000000001,0.171
2013-09-13,0.0,0.0,1.0,0.0
2013-09-24,-0.7003,0.253,0.679,0.068
2013-10-04,0.5719,0.051,0.821,0.127
2013-10-08,0.4939,0.075,0.769,0.156
2013-10-09,0.9607,0.0,0.768,0.232
2013-10-10,0.9509,0.0,0.898,0.102
2013-10-11,0.9349,0.043,0.8370000000000001,0.12
2013-10-14,0.97,0.0,0.828,0.172
2013-10-15,0.8653,0.0,0.826,0.174
2013-10-17,0.7965,0.039,0.7929999999999999,0.16699999999999998
2013-10-24,0.4101,0.0,0.745,0.255
2013-10-28,0.5106,0.0,0.8290000000000001,0.171
2013-11-08,0.6249,0.0,0.733,0.267
2013-11-14,0.7213,0.0,0.6809999999999999,0.319
2013-11-19,0.5106,0.0,0.6990000000000001,0.301
2013-11-20,0.2732,0.0,0.877,0.123
2013-11-27,0.0772,0.0,0.92,0.08
2013-12-05,0.5859,0.0,0.758,0.242
2013-12-09,0.6597,0.0,0.8220000000000001,0.17800000000000002
2013-12-10,0.5859,0.05,0.812,0.138
2013-12-11,0.2732,0.0,0.87,0.13
2013-12-14,0.2732,0.0,0.84,0.16
2013-12-16,0.5423,0.0,0.667,0.333
2013-12-19,0.4829,0.0,0.922,0.078
2013-12-20,0.0,0.0,1.0,0.0
2013-12-21,0.6124,0.0,0.872,0.128
2013-12-22,0.0,0.0,1.0,0.0
2013-12-23,0.8633,0.049,0.833,0.118
2013-12-25,0.6808,0.0,0.976,0.024
2013-12-26,0.2732,0.0,0.905,0.095
2013-12-31,0.8718,0.0,0.8009999999999999,0.199
2014-01-01,-0.5719,0.34600000000000003,0.654,0.0
2014-01-03,0.8225,0.015,0.8959999999999999,0.09
2014-01-06,0.4939,0.036000000000000004,0.877,0.08800000000000001
2014-01-07,0.2732,0.0,0.851,0.149
2014-01-08,0.836,0.0,0.894,0.106
2014-01-09,0.9517,0.023,0.882,0.094
2014-01-10,0.9699,0.019,0.893,0.08800000000000001
2014-01-11,0.8821,0.056,0.774,0.17
2014-01-12,0.0,0.0,1.0,0.0
2014-01-13,0.8957,0.0,0.885,0.115
2014-01-14,0.9607,0.0,0.775,0.225
2014-01-16,0.7925,0.0,0.815,0.185
2014-01-17,0.6808,0.042,0.758,0.199
2014-01-18,0.765,0.0,0.8290000000000001,0.171
2014-01-20,0.0772,0.125,0.772,0.103
2014-01-21,0.875,0.0,0.901,0.099
2014-01-22,0.2732,0.0,0.884,0.116
2014-01-23,0.0,0.0,1.0,0.0
2014-01-27,0.6249,0.0,0.785,0.215
2014-01-28,0.7783,0.0,0.899,0.101
2014-02-05,0.2732,0.0,0.84,0.16
2014-02-06,0.8591,0.0,0.736,0.264
2014-02-07,0.34,0.251,0.389,0.361
2014-02-08,0.8957,0.0,0.524,0.476
2014-02-11,0.5106,0.0,0.765,0.235
2014-02-12,0.743,0.0,0.622,0.378
2014-02-13,0.2732,0.0,0.851,0.149
2014-02-15,0.0,0.0,1.0,0.0
2014-02-22,0.2732,0.0,0.84,0.16
2014-02-24,-0.2732,0.1,0.9,0.0
2014-02-25,0.6597,0.0,0.852,0.14800000000000002
2014-02-26,0.3612,0.0,0.884,0.116
2014-02-27,0.9287,0.0,0.7290000000000001,0.271
2014-03-03,0.9337,0.0,0.777,0.223
2014-03-04,0.2732,0.0,0.826,0.174
2014-03-07,0.8176,0.0,0.747,0.253
2014-03-12,0.836,0.045,0.84,0.115
2014-03-13,0.9083,0.071,0.782,0.147
2014-03-14,0.9169,0.0,0.705,0.295
2014-03-17,0.6486,0.0,0.6940000000000001,0.306
2014-03-18,0.2732,0.0,0.87,0.13
2014-03-19,0.7579,0.0,0.8420000000000001,0.158
2014-03-20,0.9349,0.0,0.7979999999999999,0.202
2014-03-21,0.7184,0.0,0.8540000000000001,0.146
2014-03-25,0.2732,0.0,0.877,0.123
2014-03-27,0.7351,0.0,0.721,0.279
2014-03-28,0.4404,0.0,0.769,0.231
2014-04-01,0.8225,0.0,0.87,0.13
2014-04-08,0.2732,0.0,0.8109999999999999,0.189
2014-04-10,0.9509,0.0,0.7040000000000001,0.29600000000000004
2014-04-11,0.9729,0.0,0.8440000000000001,0.156
2014-04-12,-0.0263,0.134,0.736,0.13
2014-04-14,0.9287,0.032,0.7490000000000001,0.219
2014-04-15,0.999,0.051,0.7090000000000001,0.239
2014-04-16,0.9136,0.058,0.746,0.196
2014-04-18,0.5859,0.0,0.858,0.142
2014-04-19,0.0,0.0,1.0,0.0
2014-04-21,0.2732,0.0,0.826,0.174
2014-04-23,0.34,0.0,0.862,0.138
2014-04-25,0.2732,0.0,0.84,0.16
2014-04-28,0.5267,0.0,0.841,0.159
2014-04-29,0.6705,0.0,0.841,0.159
2014-04-30,0.6705,0.0,0.836,0.16399999999999998
2014-05-02,0.6124,0.0,0.722,0.278
2014-05-03,0.9022,0.0,0.805,0.195
2014-05-06,0.3818,0.084,0.723,0.193
2014-05-07,0.9839,0.065,0.728,0.207
2014-05-08,0.6597,0.0,0.838,0.162
2014-05-09,0.0,0.0,1.0,0.0
2014-05-13,0.9552,0.0,0.698,0.302
2014-05-15,0.7845,0.0,0.853,0.147
2014-05-16,0.5859,0.0,0.888,0.112
2014-05-17,0.7351,0.0,0.888,0.112
2014-05-19,0.7351,0.0,0.912,0.08800000000000001
2014-05-20,0.8957,0.0,0.862,0.138
2014-05-21,0.7783,0.0,0.825,0.175
2014-05-22,0.8909999999999999,0.0,0.858,0.142
2014-05-23,0.5267,0.0,0.825,0.175
2014-05-24,0.9118,0.0,0.8420000000000001,0.158
2014-05-25,0.9118,0.0,0.8420000000000001,0.158
2014-05-26,0.8807,0.0,0.825,0.175
2014-05-27,0.8807,0.0,0.825,0.175
2014-05-28,0.9531,0.031,0.865,0.103
2014-05-29,0.9451,0.013,0.889,0.098
2014-05-30,0.7212,0.0,0.833,0.16699999999999998
2014-06-01,0.5267,0.0,0.825,0.175
2014-06-04,0.5267,0.0,0.825,0.175
2014-06-05,0.9169,0.025,0.82,0.155
2014-06-06,0.6369,0.0,0.877,0.123
2014-06-09,0.8442,0.0,0.784,0.21600000000000005
2014-06-10,0.8807,0.045,0.738,0.217
2014-06-11,0.7184,0.0,0.902,0.098
2014-06-12,0.991,0.019,0.883,0.098
2014-06-13,0.3818,0.08800000000000001,0.732,0.179
2014-06-16,0.8126,0.0,0.775,0.225
2014-06-17,0.8567,0.0,0.821,0.179
2014-06-24,0.6908,0.0,0.7490000000000001,0.251
2014-06-26,0.6908,0.0,0.7490000000000001,0.251
2014-06-30,0.9432,0.0,0.772,0.228
2014-07-02,0.0,0.0,1.0,0.0
2014-07-03,0.7672,0.0,0.852,0.14800000000000002
2014-07-06,0.4767,0.0,0.785,0.215
2014-07-07,0.9019,0.0,0.7809999999999999,0.219
2014-07-08,0.0,0.0,1.0,0.0
2014-07-10,0.128,0.039,0.912,0.048
2014-07-11,0.9964,0.0,0.85,0.15
2014-07-13,0.5267,0.0,0.825,0.175
2014-07-14,0.7003,0.0,0.7070000000000001,0.293
2014-07-15,0.6705,0.071,0.762,0.166
2014-07-18,0.5574,0.039,0.86,0.101
2014-07-23,0.0,0.0,1.0,0.0
2014-07-24,0.4588,0.092,0.6859999999999999,0.222
2014-07-25,0.8402,0.0,0.75,0.25
2014-07-29,0.4939,0.0,0.769,0.231
2014-08-05,0.0,0.0,1.0,0.0
2014-08-06,0.5719,0.052000000000000005,0.8440000000000001,0.104
2014-08-20,0.0,0.0,1.0,0.0
2014-08-21,0.29600000000000004,0.0,0.784,0.21600000000000005
2014-09-05,0.0,0.0,1.0,0.0
2014-09-13,0.0,0.0,1.0,0.0
2014-09-17,0.0,0.0,1.0,0.0
2014-09-18,0.0,0.0,1.0,0.0
2014-09-21,0.0,0.0,1.0,0.0
2014-09-23,0.5423,0.0,0.873,0.127
2014-09-24,0.0,0.0,1.0,0.0
2014-09-25,-0.2263,0.174,0.826,0.0
2014-09-27,-0.4588,0.2,0.8,0.0
2014-09-29,0.3818,0.0,0.867,0.133
2014-09-30,0.6369,0.0,0.867,0.133
2014-10-01,0.5267,0.0,0.855,0.145
2014-10-02,0.8429,0.0,0.7879999999999999,0.212
2014-10-05,0.8979,0.038,0.664,0.298
2014-10-06,0.9153,0.0,0.619,0.381
2014-10-07,0.7506,0.0,0.807,0.193
2014-10-08,0.9382,0.0,0.8440000000000001,0.156
2014-10-09,-0.8122,0.085,0.868,0.047
2014-10-10,0.993,0.041,0.846,0.113
2014-10-11,0.7579,0.0,0.914,0.086
2014-10-12,0.6369,0.0,0.867,0.133
2014-10-13,0.0,0.0,1.0,0.0
2014-10-14,0.743,0.044,0.785,0.171
2014-10-15,0.2732,0.0,0.932,0.068
2014-10-17,0.6369,0.0,0.8740000000000001,0.126
2014-10-18,0.7964,0.0,0.8290000000000001,0.171
2014-10-20,0.34,0.0,0.882,0.118
2014-10-21,0.3818,0.0,0.86,0.14
2014-10-22,0.3818,0.0,0.86,0.14
2014-10-23,0.6369,0.0,0.86,0.14
2014-10-24,0.7096,0.0,0.862,0.138
2014-10-25,0.7096,0.0,0.772,0.228
2014-10-28,0.34,0.0,0.926,0.07400000000000001
2014-10-29,0.9068,0.0,0.8809999999999999,0.119
2014-10-30,0.0,0.0,1.0,0.0
2014-10-31,0.5267,0.0,0.942,0.058
2014-11-01,-0.2263,0.068,0.932,0.0
2014-11-02,0.3818,0.0,0.88,0.12
2014-11-04,0.3818,0.0,0.88,0.12
2014-11-05,0.6369,0.0,0.88,0.12
2014-11-06,0.6486,0.0,0.858,0.142
2014-11-07,0.5267,0.024,0.91,0.066
2014-11-08,0.3818,0.0,0.852,0.14800000000000002
2014-11-09,0.34,0.054000000000000006,0.871,0.07400000000000001
2014-11-10,0.6369,0.0,0.852,0.14800000000000002
2014-11-11,-0.128,0.087,0.841,0.07200000000000001
2014-11-14,-0.4215,0.103,0.897,0.0
2014-11-18,0.7269,0.0,0.895,0.105
2014-11-21,0.0,0.0,1.0,0.0
2014-11-24,-0.1531,0.07200000000000001,0.887,0.041
2014-11-25,-0.6597,0.084,0.8959999999999999,0.02
2014-11-26,0.4215,0.047,0.8440000000000001,0.109
2014-11-27,-0.2263,0.049,0.951,0.0
2014-11-28,-0.6808,0.066,0.934,0.0
2014-11-29,-0.4215,0.095,0.905,0.0
2014-12-01,-0.2263,0.045,0.955,0.0
2014-12-02,-0.8126,0.07400000000000001,0.926,0.0
2014-12-03,0.34,0.0,0.888,0.112
2014-12-04,0.0,0.0,1.0,0.0
2014-12-05,0.8176,0.0,0.908,0.092
2014-12-08,0.1779,0.035,0.927,0.038
2014-12-09,0.4588,0.0,0.897,0.103
2014-12-12,0.0,0.0,1.0,0.0
2014-12-14,0.0,0.0,1.0,0.0
2014-12-15,0.3612,0.118,0.6920000000000001,0.19
2014-12-22,0.5267,0.0,0.904,0.096
2014-12-23,0.0,0.0,1.0,0.0
2014-12-24,0.0,0.0,1.0,0.0
2014-12-26,0.34,0.0,0.893,0.107
2014-12-27,0.0,0.0,1.0,0.0
2014-12-28,0.0,0.0,1.0,0.0
2014-12-30,0.0,0.0,1.0,0.0
2015-01-03,0.3818,0.0,0.88,0.12
2015-01-04,0.765,0.014,0.894,0.092
2015-01-05,0.8625,0.0,0.831,0.16899999999999998
2015-01-06,0.5719,0.0,0.882,0.118
2015-01-07,0.6597,0.0,0.8759999999999999,0.124
2015-01-08,0.6369,0.0,0.904,0.096
2015-01-09,0.9736,0.013,0.889,0.098
2015-01-10,0.7964,0.0,0.847,0.153
2015-01-11,0.8555,0.0,0.8440000000000001,0.156
2015-01-12,0.4404,0.0,0.838,0.162
2015-01-13,0.29600000000000004,0.0,0.845,0.155
2015-01-15,0.7034,0.0,0.892,0.108
2015-01-16,0.0,0.0,1.0,0.0
2015-01-20,0.6369,0.0,0.852,0.14800000000000002
2015-01-21,0.3818,0.0,0.953,0.047
2015-01-22,0.6204,0.0,0.847,0.153
2015-01-23,0.34,0.0,0.924,0.076
2015-01-25,0.3818,0.0,0.86,0.14
2015-01-27,0.3818,0.0,0.927,0.073
2015-01-28,0.8519,0.0,0.762,0.238
2015-01-29,0.765,0.0,0.8909999999999999,0.109
2015-01-30,0.3818,0.0,0.906,0.094
2015-01-31,0.0,0.0,1.0,0.0
2015-02-03,0.7003,0.06,0.815,0.125
2015-02-06,0.765,0.0,0.87,0.13
2015-02-09,0.0,0.0,1.0,0.0
2015-02-10,0.5994,0.0,0.846,0.154
2015-02-11,0.6329,0.061,0.8440000000000001,0.095
2015-02-12,-0.8957,0.114,0.865,0.021
2015-02-13,0.1531,0.078,0.8490000000000001,0.073
2015-02-14,0.0,0.0,1.0,0.0
2015-02-16,0.5267,0.0,0.833,0.16699999999999998
2015-02-19,-0.5994,0.062,0.938,0.0
2015-02-20,0.875,0.031,0.866,0.102
2015-02-21,0.3818,0.0,0.885,0.115
2015-02-24,0.6249,0.0,0.758,0.242
2015-02-25,0.93,0.0,0.846,0.154
2015-02-26,-0.2263,0.083,0.917,0.0
2015-03-03,0.7003,0.048,0.8370000000000001,0.115
2015-03-04,0.0,0.0,1.0,0.0
2015-03-05,0.0772,0.0,0.973,0.027000000000000003
2015-03-06,0.0,0.0,1.0,0.0
2015-03-10,0.0,0.0,1.0,0.0
2015-03-11,0.3818,0.0,0.933,0.067
2015-03-13,0.7783,0.0,0.9,0.1
2015-03-15,0.5994,0.0,0.7659999999999999,0.234
2015-03-16,0.3485,0.048,0.841,0.111
2015-03-17,0.3818,0.0,0.906,0.094
2015-03-18,0.7269,0.03,0.845,0.125
2015-03-19,0.7906,0.0,0.852,0.14800000000000002
2015-03-20,0.128,0.08,0.852,0.068
2015-03-22,0.3818,0.0,0.86,0.14
2015-03-25,0.9153,0.0,0.818,0.182
2015-03-26,0.8375,0.0,0.8740000000000001,0.126
2015-03-27,0.91,0.0,0.84,0.16
2015-03-28,0.8859999999999999,0.0,0.8009999999999999,0.199
2015-03-29,0.3818,0.0,0.89,0.11
2015-03-30,0.3818,0.0,0.89,0.11
2015-03-31,0.6369,0.0,0.906,0.094
2015-04-01,0.6204,0.0,0.927,0.073
2015-04-02,0.0,0.0,1.0,0.0
2015-04-04,0.5267,0.0,0.936,0.064
2015-04-07,0.5267,0.0,0.825,0.175
2015-04-08,0.5267,0.0,0.825,0.175
2015-04-09,0.5267,0.0,0.825,0.175
2015-04-10,0.3818,0.0,0.867,0.133
2015-04-11,0.9601,0.0,0.7909999999999999,0.209
2015-04-12,0.7783,0.0,0.825,0.175
2015-04-14,0.5859,0.0,0.8540000000000001,0.146
2015-04-15,0.9735,0.022,0.8640000000000001,0.114
2015-04-17,0.913,0.0,0.88,0.12
2015-04-18,-0.8885,0.179,0.821,0.0
2015-04-19,0.0,0.0,1.0,0.0
2015-04-20,0.743,0.03,0.8270000000000001,0.14400000000000002
2015-04-21,0.9371,0.0,0.81,0.19
2015-04-22,0.9618,0.013,0.823,0.16399999999999998
2015-04-23,0.9904,0.0,0.792,0.208
2015-04-24,0.7715,0.027000000000000003,0.917,0.056
2015-04-25,0.8176,0.024,0.8859999999999999,0.08900000000000001
2015-04-26,0.0,0.0,1.0,0.0
2015-04-27,0.7717,0.0,0.807,0.193
2015-04-28,0.8613,0.042,0.723,0.234
2015-04-29,0.9231,0.039,0.7240000000000001,0.237
2015-04-30,0.9895,0.0,0.6940000000000001,0.306
2015-05-01,0.9972,0.0,0.765,0.235
2015-05-02,0.9423,0.0,0.7879999999999999,0.212
2015-05-03,0.9423,0.0,0.7879999999999999,0.212
2015-05-04,0.0516,0.041,0.927,0.032
2015-05-05,0.9001,0.023,0.858,0.119
2015-05-06,0.802,0.027000000000000003,0.871,0.102
2015-05-07,0.5994,0.023,0.885,0.092
2015-05-08,0.9409,0.004,0.939,0.057
2015-05-09,0.3182,0.065,0.804,0.131
2015-05-10,0.5719,0.0,0.856,0.14400000000000002
2015-05-11,0.9522,0.009000000000000001,0.86,0.131
2015-05-12,0.8225,0.0,0.86,0.14
2015-05-13,0.3818,0.046,0.8640000000000001,0.09
2015-05-14,0.9657,0.0,0.865,0.135
2015-05-15,0.8402,0.0,0.917,0.083
2015-05-16,0.6369,0.0,0.877,0.123
2015-05-17,0.2732,0.0,0.87,0.13
2015-05-18,0.6369,0.0,0.916,0.084
2015-05-19,0.743,0.0,0.868,0.132
2015-05-20,0.8555,0.0,0.877,0.123
2015-05-21,0.0,0.0,1.0,0.0
2015-05-22,0.8555,0.0,0.877,0.123
2015-05-23,0.6369,0.0,0.915,0.085
2015-05-24,0.6369,0.0,0.934,0.066
2015-05-25,0.9274,0.0,0.906,0.094
2015-05-27,0.6369,0.0,0.912,0.08800000000000001
2015-05-28,0.3818,0.0,0.933,0.067
2015-05-29,0.6369,0.0,0.945,0.055
2015-05-30,0.9075,0.006999999999999999,0.944,0.049
2015-05-31,0.9638,0.0,0.927,0.073
2015-06-01,0.8625,0.011,0.902,0.087
2015-06-02,0.9196,0.0,0.8290000000000001,0.171
2015-06-03,0.8702,0.0,0.895,0.105
2015-06-04,0.6369,0.0,0.945,0.055
2015-06-05,0.6369,0.0,0.871,0.129
2015-06-06,0.875,0.0,0.893,0.107
2015-06-07,0.7351,0.0,0.893,0.107
2015-06-08,0.875,0.0,0.893,0.107
2015-06-09,0.3535,0.0,0.83,0.17
2015-06-10,0.9682,0.0,0.885,0.115
2015-06-11,0.963,0.0,0.863,0.13699999999999998
2015-06-12,0.9349,0.0,0.921,0.079
2015-06-13,0.9022,0.0,0.8740000000000001,0.126
2015-06-14,0.8402,0.0,0.884,0.116
2015-06-15,0.9618,0.0,0.883,0.117
2015-06-18,0.9278,0.025,0.7659999999999999,0.209
2015-06-19,0.9586,0.032,0.773,0.195
2015-06-20,0.9349,0.047,0.785,0.168
2015-06-22,0.0,0.0,1.0,0.0
2015-06-23,0.9839,0.008,0.8740000000000001,0.118
2015-06-24,0.9571,0.0,0.898,0.102
2015-06-25,0.9382,0.012,0.88,0.108
2015-06-26,0.9848,0.0,0.865,0.135
2015-06-27,0.988,0.0,0.813,0.187
2015-06-28,0.9936,0.0,0.787,0.213
2015-06-29,0.9818,0.0,0.768,0.232
2015-06-30,0.9897,0.0,0.7440000000000001,0.256
2015-07-01,0.9231,0.0,0.7709999999999999,0.229
2015-07-02,0.9423,0.0,0.794,0.206
2015-07-03,0.5267,0.078,0.718,0.204
2015-07-04,0.926,0.0,0.972,0.028
2015-07-05,0.9545,0.0,0.752,0.248
2015-07-06,0.9819,0.0,0.7440000000000001,0.256
2015-07-07,0.9638,0.0,0.7979999999999999,0.202
2015-07-08,0.9413,0.0,0.7140000000000001,0.28600000000000003
2015-07-10,0.9694,0.011,0.8440000000000001,0.145
2015-07-11,0.9906,0.0,0.858,0.142
2015-07-12,0.9584,0.0,0.8370000000000001,0.163
2015-07-13,0.9899,0.0,0.8440000000000001,0.156
2015-07-14,0.9349,0.0,0.846,0.154
2015-07-15,0.9895,0.006999999999999999,0.858,0.134
2015-07-16,0.6369,0.0,0.8740000000000001,0.126
2015-07-17,0.9349,0.0,0.8640000000000001,0.136
2015-07-18,0.9413,0.0,0.8320000000000001,0.168
2015-07-19,0.9531,0.0,0.8440000000000001,0.156
2015-07-20,0.9901,0.011,0.846,0.14300000000000002
2015-07-21,0.9961,0.012,0.889,0.098
2015-07-22,0.9666,0.0,0.871,0.129
2015-07-23,0.9928,0.0,0.865,0.135
2015-07-25,0.9393,0.0,0.8809999999999999,0.119
2015-07-26,0.7814,0.032,0.8590000000000001,0.109
2015-07-27,0.936,0.0,0.831,0.16899999999999998
2015-07-28,0.9457,0.025,0.7879999999999999,0.187
2015-07-29,0.93,0.0,0.8590000000000001,0.141
2015-07-30,0.8555,0.0,0.907,0.093
2015-08-01,0.7783,0.0,0.885,0.115
2015-08-02,0.3818,0.0,0.885,0.115
2015-08-03,0.7506,0.0,0.95,0.05
2015-08-04,0.9653,0.0,0.828,0.172
2015-08-05,0.9588,0.0,0.8320000000000001,0.168
2015-08-07,0.6369,0.0,0.852,0.14800000000000002
2015-08-08,0.3818,0.0,0.852,0.14800000000000002
2015-08-09,0.3818,0.0,0.852,0.14800000000000002
2015-08-10,0.5267,0.0,0.911,0.08900000000000001
2015-08-11,0.5267,0.0,0.939,0.061
2015-08-12,0.5267,0.0,0.911,0.08900000000000001
2015-08-13,0.8568,0.0,0.885,0.115
2015-08-14,0.29600000000000004,0.0,0.956,0.044
2015-08-15,0.8084,0.0,0.927,0.073
2015-08-16,0.0,0.0,1.0,0.0
2015-08-17,0.9712,0.0,0.843,0.157
2015-08-18,0.7783,0.0,0.841,0.159
2015-08-19,0.9887,0.015,0.815,0.17
2015-08-21,0.6369,0.053,0.75,0.197
2015-08-25,0.8225,0.0,0.775,0.225
2015-08-26,0.8579,0.028,0.882,0.08900000000000001
2015-08-27,0.0,0.0,1.0,0.0
2015-08-28,0.7804,0.0,0.947,0.053
2015-08-30,0.0,0.0,1.0,0.0
2015-08-31,0.5106,0.0,0.929,0.071
2015-09-02,0.5994,0.0,0.795,0.205
2015-09-03,0.0,0.0,1.0,0.0
2015-09-04,0.0,0.0,1.0,0.0
2015-09-18,0.4995,0.0,0.903,0.097
2015-09-20,0.0,0.0,1.0,0.0
2015-09-21,0.3535,0.0,0.99,0.01
2015-09-22,0.3818,0.0,0.88,0.12
2015-09-25,0.6408,0.065,0.816,0.12
2015-09-28,0.34,0.026,0.915,0.059
2015-09-29,0.0,0.0,1.0,0.0
2015-10-01,0.0,0.0,1.0,0.0
2015-10-02,0.5267,0.052000000000000005,0.8009999999999999,0.146
2015-10-05,0.1779,0.011,0.973,0.016
2015-10-06,0.0,0.0,1.0,0.0
2015-10-07,0.34,0.046,0.85,0.104
2015-10-08,0.4939,0.026,0.912,0.062
2015-10-09,0.6486,0.0,0.902,0.098
2015-10-12,0.2105,0.05,0.8909999999999999,0.058
2015-10-13,0.83,0.022,0.9,0.078
2015-10-14,0.986,0.034,0.82,0.147
2015-10-15,0.3535,0.0,0.83,0.17
2015-10-16,0.6486,0.0,0.762,0.238
2015-10-18,0.0,0.0,1.0,0.0
2015-10-19,0.6739,0.0,0.768,0.232
2015-10-20,0.4278,0.107,0.723,0.17
2015-10-21,0.1263,0.113,0.784,0.103
2015-10-22,0.0,0.0,1.0,0.0
2015-10-23,0.0,0.0,1.0,0.0
2015-10-27,-0.2263,0.03,0.97,0.0
2015-10-28,0.5267,0.056,0.789,0.155
2015-10-29,-0.2263,0.16,0.84,0.0
2015-10-30,0.6808,0.067,0.789,0.14400000000000002
2015-10-31,0.0516,0.087,0.8220000000000001,0.091
2015-11-01,0.3291,0.0,0.907,0.093
2015-11-02,0.0,0.0,1.0,0.0
2015-11-03,0.7579,0.0,0.87,0.13
2015-11-04,0.765,0.0,0.792,0.208
2015-11-05,0.7034,0.0,0.72,0.28
2015-11-09,-0.2111,0.075,0.868,0.056
2015-11-11,0.6486,0.0,0.902,0.098
2015-11-16,-0.2263,0.036000000000000004,0.964,0.0
2015-11-17,0.8176,0.033,0.804,0.162
2015-11-18,0.0,0.0,1.0,0.0
2015-11-19,0.34,0.162,0.6409999999999999,0.197
2015-11-20,0.5106,0.105,0.608,0.287
2015-11-27,0.29600000000000004,0.0,0.932,0.068
2015-12-01,-0.2263,0.275,0.725,0.0
2015-12-08,0.0772,0.105,0.773,0.122
2015-12-09,-0.2263,0.112,0.888,0.0
2015-12-13,0.0,0.0,1.0,0.0
2015-12-14,-0.2263,0.112,0.888,0.0
2015-12-15,-0.128,0.049,0.89,0.061
2015-12-16,0.0,0.0,1.0,0.0
2016-01-01,0.0,0.0,1.0,0.0
2016-01-02,0.2023,0.04,0.908,0.053
2016-01-09,0.93,0.092,0.705,0.203
2016-01-10,0.9545,0.0,0.774,0.226
2016-01-11,0.0,0.0,1.0,0.0
2016-01-12,0.2732,0.0,0.905,0.095
2016-01-13,0.7269,0.04,0.8420000000000001,0.118
2016-01-14,0.7184,0.023,0.912,0.064
2016-01-15,0.9747,0.0,0.777,0.223
2016-01-19,0.743,0.0,0.769,0.231
2016-01-20,0.6705,0.061,0.6940000000000001,0.245
2016-01-21,0.9694,0.0,0.7659999999999999,0.234
2016-01-27,0.34,0.0,0.893,0.107
2016-01-29,0.8442,0.0,0.847,0.153
2016-01-31,0.6486,0.0,0.7509999999999999,0.249
2016-02-03,0.9186,0.0,0.899,0.101
2016-02-04,0.25,0.101,0.745,0.154
2016-02-06,0.4404,0.0,0.943,0.057
2016-02-08,0.29600000000000004,0.0,0.901,0.099
2016-02-15,0.7783,0.0,0.762,0.238
2016-02-17,0.0,0.0,1.0,0.0
2016-02-27,0.34,0.0,0.939,0.061
2016-02-28,0.34,0.0,0.946,0.054000000000000006
2016-03-01,0.5267,0.0,0.841,0.159
2016-03-03,0.5267,0.0,0.942,0.058
2016-03-05,0.8555,0.0,0.769,0.231
2016-03-17,-0.29600000000000004,0.091,0.909,0.0
2016-03-18,-0.6597,0.211,0.789,0.0
2016-03-31,0.3182,0.079,0.747,0.174
2016-04-06,0.0,0.0,1.0,0.0
2016-04-08,-0.6583,0.09,0.884,0.025
2016-04-11,0.7906,0.0,0.579,0.421
2016-04-12,0.25,0.0,0.935,0.065
2016-04-14,0.0,0.0,1.0,0.0
2016-04-15,0.9803,0.02,0.892,0.08800000000000001
2016-04-16,0.0,0.0,1.0,0.0
2016-04-17,0.4404,0.0,0.923,0.077
2016-04-18,0.7311,0.0,0.964,0.036000000000000004
2016-04-19,0.0,0.0,1.0,0.0
2016-04-20,0.0,0.0,1.0,0.0
2016-05-04,0.0,0.0,1.0,0.0
2016-05-22,0.0,0.0,1.0,0.0
2016-05-27,0.0,0.0,1.0,0.0
2016-06-07,0.29600000000000004,0.0,0.922,0.078
2016-06-09,-0.3612,0.08199999999999999,0.918,0.0
2016-06-15,0.1531,0.0,0.8490000000000001,0.151
2016-06-21,0.0,0.0,1.0,0.0
2016-06-22,0.4404,0.0,0.7909999999999999,0.209
2016-06-27,0.871,0.0,0.705,0.295
2016-06-29,0.8697,0.0,0.81,0.19
2016-07-12,0.0,0.0,1.0,0.0
2016-07-13,0.2732,0.0,0.94,0.06
2016-07-14,0.7579,0.193,0.618,0.189
2016-07-15,-0.966,0.132,0.7959999999999999,0.07200000000000001
2016-07-16,0.6597,0.0,0.652,0.348
2016-07-18,-0.128,0.032,0.968,0.0
2016-07-19,0.0,0.0,1.0,0.0
2016-07-20,0.0,0.0,1.0,0.0
2016-07-21,-0.3527,0.211,0.682,0.107
2016-07-25,-0.3182,0.117,0.82,0.063
2016-08-03,0.0,0.0,1.0,0.0
2016-08-05,0.1531,0.061,0.86,0.08
2016-08-10,0.0,0.0,1.0,0.0
2016-08-16,0.0,0.0,1.0,0.0
2016-08-17,0.0,0.0,1.0,0.0
2016-08-18,-0.6808,0.078,0.922,0.0
2016-08-19,0.873,0.0,0.779,0.221
2016-08-22,0.6669,0.047,0.8059999999999999,0.147
2016-08-23,0.8668,0.051,0.7979999999999999,0.151
2016-08-26,-0.0762,0.098,0.816,0.086
2016-08-30,0.5574,0.068,0.747,0.185
2016-09-07,0.0,0.0,1.0,0.0
2016-09-12,0.0,0.0,1.0,0.0
2016-09-14,0.0,0.0,1.0,0.0
2016-09-29,0.0,0.0,1.0,0.0
2016-10-05,0.4019,0.0,0.899,0.101
2016-10-07,-0.1761,0.058,0.907,0.035
2016-10-11,0.0,0.0,1.0,0.0
2016-10-13,0.8859999999999999,0.012,0.916,0.07200000000000001
2016-10-14,-0.949,0.13,0.812,0.059
2016-10-15,-0.8674,0.132,0.868,0.0
2016-10-18,0.4404,0.0,0.957,0.043
2016-10-20,0.5106,0.0,0.898,0.102
2016-10-24,0.0,0.0,1.0,0.0
2016-10-26,0.1877,0.0,0.873,0.127
2016-10-27,0.0,0.0,1.0,0.0
2016-10-29,0.2263,0.141,0.695,0.16399999999999998
2016-11-01,-0.2732,0.091,0.909,0.0
2016-11-09,0.8658,0.0,0.887,0.113
2016-11-21,0.624,0.0,0.797,0.203
2016-12-05,-0.128,0.12,0.88,0.0
2016-12-07,0.0,0.0,1.0,0.0
2016-12-09,0.4404,0.0,0.8540000000000001,0.146
2016-12-19,0.2263,0.07400000000000001,0.8170000000000001,0.109
2016-12-25,0.0,0.0,1.0,0.0
2016-12-27,0.8986,0.0,0.54,0.46
2017-01-02,0.0,0.0,1.0,0.0
2017-01-03,-0.7324,0.17,0.83,0.0
2017-01-05,0.3818,0.0,0.958,0.042
2017-01-06,-0.8091,0.11,0.813,0.077
2017-01-07,-0.7579,0.136,0.745,0.12
2017-01-08,-0.6808,0.112,0.818,0.07
2017-01-09,-0.3885,0.05,0.95,0.0
2017-01-10,0.0,0.0,1.0,0.0
2017-01-11,-0.7297,0.179,0.773,0.048
2017-01-12,0.6037,0.043,0.8540000000000001,0.102
2017-01-13,0.9849,0.034,0.7829999999999999,0.182
2017-01-14,-0.7964,0.353,0.647,0.0
2017-01-16,-0.9962,0.304,0.679,0.016
2017-01-31,0.5859,0.04,0.8370000000000001,0.123
2017-02-01,-0.2023,0.083,0.917,0.0
2017-02-02,0.2716,0.0,0.851,0.149
2017-02-08,0.0,0.0,1.0,0.0
2017-02-10,0.0,0.076,0.847,0.076
2017-02-13,0.3804,0.113,0.755,0.132
2017-02-14,0.0,0.0,1.0,0.0
2017-02-15,0.0,0.0,1.0,0.0
2017-02-16,0.6808,0.0,0.843,0.157
2017-02-17,0.0,0.0,1.0,0.0
2017-02-18,0.0,0.0,1.0,0.0
2017-02-21,-0.7579,0.349,0.6509999999999999,0.0
2017-03-07,0.128,0.07400000000000001,0.8440000000000001,0.083
2017-03-08,0.2023,0.0,0.87,0.13
2017-03-10,-0.0258,0.15,0.7090000000000001,0.142
2017-03-16,0.7172,0.0,0.85,0.15
2017-03-17,0.8122,0.0,0.792,0.208
2017-03-20,0.4404,0.0,0.868,0.132
2017-04-03,0.5574,0.0,0.899,0.101
2017-04-06,-0.8812,0.21600000000000005,0.784,0.0
2017-04-09,0.9221,0.0,0.769,0.231
2017-04-12,0.0,0.0,1.0,0.0
2017-04-13,0.9892,0.08800000000000001,0.763,0.149
2017-04-14,0.3818,0.0,0.918,0.08199999999999999
2017-04-18,0.2023,0.124,0.73,0.146
2017-04-20,0.3818,0.0,0.907,0.093
2017-04-21,0.8056,0.0,0.602,0.398
2017-04-26,-0.25,0.13,0.87,0.0
2017-04-27,0.0,0.0,1.0,0.0
2017-05-02,0.5719,0.069,0.737,0.194
2017-05-03,0.7761,0.0,0.789,0.211
2017-05-04,0.6739,0.0,0.754,0.246
2017-05-05,0.6705,0.08199999999999999,0.632,0.28600000000000003
2017-05-08,0.0,0.0,1.0,0.0
2017-05-23,0.7902,0.0,0.7879999999999999,0.212
2017-05-25,0.9628,0.0,0.805,0.195
2017-05-27,0.6822,0.0,0.81,0.19
2017-06-09,-0.9022,0.118,0.828,0.054000000000000006
2017-06-10,0.0,0.0,1.0,0.0
2017-06-13,-0.2263,0.064,0.936,0.0
2017-06-23,-0.8919,0.28,0.72,0.0
2017-07-05,-0.4215,0.132,0.868,0.0
2017-07-08,-0.5473,0.092,0.908,0.0
2017-07-14,0.0,0.0,1.0,0.0
2017-07-18,0.7506,0.034,0.8009999999999999,0.165
2017-07-30,0.0,0.0,1.0,0.0
2017-08-05,0.3415,0.067,0.815,0.117
2017-08-15,-0.29600000000000004,0.084,0.916,0.0
2017-08-17,0.5719,0.019,0.919,0.062
2017-08-18,-0.9166,0.087,0.8440000000000001,0.069
2017-08-19,-0.9915,0.159,0.7559999999999999,0.085
2017-08-20,-0.0018,0.14,0.736,0.124
2017-08-21,0.9904,0.09,0.6890000000000001,0.221
2017-08-22,0.7119,0.06,0.863,0.077
2017-08-23,0.9802,0.025,0.871,0.104
2017-08-24,0.685,0.045,0.8859999999999999,0.069
2017-08-25,-0.2598,0.092,0.831,0.077
2017-08-26,-0.29600000000000004,0.093,0.8640000000000001,0.042
2017-08-27,0.0,0.0,1.0,0.0
2017-08-28,0.5859,0.019,0.931,0.05
2017-08-29,0.0,0.0,1.0,0.0
2017-08-30,0.4588,0.0,0.897,0.103
2017-09-03,-0.2263,0.119,0.8809999999999999,0.0
2017-09-04,0.8555,0.0,0.669,0.331
2017-09-06,0.7964,0.0,0.828,0.172
2017-09-08,0.25,0.068,0.8270000000000001,0.104
2017-09-11,0.0,0.0,1.0,0.0
2017-09-12,0.0,0.0,1.0,0.0
2017-09-14,0.3612,0.0,0.902,0.098
2017-09-15,0.8074,0.0,0.8440000000000001,0.156
2017-09-18,-0.875,0.113,0.887,0.0
2017-09-19,0.29600000000000004,0.0,0.919,0.081
2017-09-21,-0.4215,0.16,0.84,0.0
2017-09-25,-0.29600000000000004,0.128,0.872,0.0
2017-09-26,0.3818,0.0,0.794,0.206
2017-10-05,0.3818,0.0,0.794,0.206
2017-10-08,0.5106,0.053,0.8029999999999999,0.14400000000000002
2017-10-15,-0.5719,0.155,0.845,0.0
2017-10-16,-0.4215,0.16,0.84,0.0
2017-10-18,0.0,0.0,1.0,0.0
2017-10-22,0.7964,0.0,0.976,0.024
2017-10-23,0.7804,0.036000000000000004,0.865,0.099
2017-10-24,0.7351,0.059,0.7190000000000001,0.222
2017-10-25,0.4019,0.0,0.722,0.278
2017-10-30,0.4404,0.0,0.633,0.3670000000000001
2017-11-04,-0.4588,0.136,0.8640000000000001,0.0
2017-11-05,0.29600000000000004,0.123,0.7140000000000001,0.162
2017-11-07,0.7269,0.0,0.628,0.3720000000000001
2017-11-16,0.8481,0.0,0.825,0.175
2017-11-17,0.1531,0.0,0.967,0.033
2017-11-26,0.29600000000000004,0.0,0.974,0.026
2017-11-30,0.4228,0.0,0.81,0.19
2017-12-01,0.3818,0.0,0.7759999999999999,0.224
2017-12-02,0.9062,0.096,0.561,0.343
2017-12-04,0.0,0.0,1.0,0.0
2017-12-05,0.6712,0.0,0.909,0.091
2017-12-09,-0.4019,0.172,0.828,0.0
2017-12-11,0.7034,0.026,0.8809999999999999,0.093
2017-12-12,0.7184,0.0,0.8959999999999999,0.104
2017-12-14,0.6428,0.0,0.826,0.174
2017-12-17,0.5927,0.0,0.906,0.094
2017-12-22,0.7096,0.0,0.815,0.185
2017-12-26,0.9457,0.0,0.919,0.081
2018-01-01,0.894,0.0,0.851,0.149
2018-01-02,0.3034,0.047,0.892,0.061
2018-01-05,-0.6124,0.158,0.8420000000000001,0.0
2018-01-10,-0.5319,0.175,0.708,0.117
2018-01-11,0.7845,0.06,0.8590000000000001,0.081
2018-01-12,0.7506,0.0,0.928,0.07200000000000001
2018-01-14,-0.2182,0.117,0.7829999999999999,0.1
2018-01-16,0.946,0.0,0.875,0.125
2018-01-17,0.0,0.0,1.0,0.0
2018-01-18,0.9451,0.037000000000000005,0.777,0.18600000000000005
2018-02-05,0.0387,0.043,0.91,0.047
2018-02-07,0.2023,0.096,0.833,0.071
2018-02-08,-0.4588,0.292,0.573,0.135
2018-02-14,0.34,0.086,0.7659999999999999,0.149
2018-02-15,0.7695,0.0,0.802,0.198
2018-02-19,0.1779,0.115,0.727,0.158
2018-02-26,-0.128,0.086,0.914,0.0
2018-02-27,0.0,0.0,1.0,0.0
2018-03-12,0.0,0.0,1.0,0.0
2018-03-13,0.0,0.0,1.0,0.0
2018-03-28,0.3818,0.0,0.7759999999999999,0.224
2018-04-03,-0.0258,0.037000000000000005,0.928,0.035
2018-04-04,0.3818,0.0,0.7759999999999999,0.224
2018-04-09,0.1307,0.08900000000000001,0.8029999999999999,0.109
2018-04-10,-0.4019,0.097,0.903,0.0
2018-04-11,-0.4767,0.136,0.8640000000000001,0.0
2018-04-12,-0.3182,0.204,0.7959999999999999,0.0
2018-04-13,-0.0431,0.071,0.87,0.059
2018-04-14,-0.4019,0.068,0.932,0.0
2018-04-16,0.7537,0.069,0.8190000000000001,0.113
2018-04-17,0.3612,0.0,0.932,0.068
2018-04-18,-0.2263,0.101,0.899,0.0
2018-04-20,0.7964,0.018000000000000002,0.887,0.096
2018-04-23,0.9337,0.0,0.902,0.098
2018-04-24,0.9163,0.0,0.898,0.102
2018-04-25,0.1531,0.0,0.964,0.036000000000000004
2018-04-26,0.7003,0.097,0.51,0.393
2018-04-28,0.5927,0.0,0.8059999999999999,0.194
2018-04-29,0.0534,0.083,0.852,0.065
2018-05-02,0.2732,0.0,0.935,0.065
2018-05-03,0.0,0.0,1.0,0.0
2018-05-04,0.0703,0.093,0.812,0.095
2018-05-06,0.6808,0.025,0.862,0.113
2018-05-07,0.3182,0.0,0.7959999999999999,0.204
2018-05-08,0.0,0.0,1.0,0.0
2018-05-09,0.765,0.042,0.763,0.195
2018-05-14,-0.4215,0.087,0.913,0.0
2018-05-15,0.7845,0.056,0.784,0.161
2018-05-17,0.34,0.0,0.915,0.085
2018-05-18,0.4767,0.0,0.88,0.12
2018-05-23,0.1779,0.128,0.706,0.166
2018-05-24,0.0772,0.052000000000000005,0.889,0.059
2018-05-28,0.5267,0.0,0.872,0.128
2018-06-09,0.4215,0.0,0.903,0.097
2018-06-10,0.9477,0.075,0.649,0.276
2018-06-12,-0.0516,0.256,0.5,0.244
2018-06-13,0.0772,0.058,0.877,0.066
2018-06-14,0.7184,0.0,0.959,0.041
2018-06-15,0.3197,0.064,0.815,0.121
2018-06-20,0.765,0.0,0.8170000000000001,0.183
2018-06-21,0.0,0.0,1.0,0.0
2018-06-25,0.9267,0.0,0.8240000000000001,0.17600000000000002
2018-06-26,0.3612,0.0,0.872,0.128
2018-06-27,0.7506,0.0,0.903,0.097
2018-06-28,0.5539,0.041,0.856,0.102
2018-06-29,0.4019,0.0,0.909,0.091
2018-07-04,-0.0772,0.108,0.8220000000000001,0.071
2018-07-05,-0.5719,0.101,0.84,0.059
2018-07-06,0.9592,0.047,0.8109999999999999,0.142
2018-07-08,0.2023,0.0,0.913,0.087
2018-07-09,0.3339,0.045,0.87,0.085
2018-07-11,0.6124,0.12,0.506,0.373
2018-07-12,-0.6919,0.104,0.7979999999999999,0.099
2018-07-13,0.996,0.064,0.784,0.152
2018-07-15,0.5859,0.0,0.789,0.211
2018-07-16,0.9398,0.034,0.884,0.081
2018-07-17,0.5975,0.066,0.813,0.122
2018-07-19,0.8834,0.0,0.862,0.138
2018-07-20,0.3612,0.056,0.8220000000000001,0.122
2018-07-22,0.5423,0.0,0.88,0.12
2018-07-26,0.765,0.049,0.7559999999999999,0.196
2018-07-29,0.5106,0.039,0.836,0.125
2018-07-30,0.3612,0.0,0.872,0.128
2018-08-01,0.29600000000000004,0.054000000000000006,0.8690000000000001,0.078
2018-08-03,0.3612,0.0,0.937,0.063
2018-08-06,-0.128,0.061,0.939,0.0
2018-08-09,0.9825,0.0,0.823,0.177
2018-08-13,0.5423,0.0,0.932,0.068
2018-08-14,0.6915,0.039,0.797,0.16399999999999998
2018-08-20,0.8192,0.0,0.931,0.069
2018-08-21,0.3818,0.0,0.965,0.035
2018-08-23,0.0,0.0,1.0,0.0
2018-08-24,0.875,0.045,0.862,0.092
2018-08-25,0.7964,0.0,0.885,0.115
2018-09-05,-0.4019,0.237,0.653,0.11
2018-09-09,0.0,0.0,1.0,0.0
2018-09-11,0.3818,0.0,0.8059999999999999,0.194
2018-09-13,0.3612,0.0,0.912,0.08800000000000001
2018-09-15,0.5994,0.049,0.857,0.094
2018-09-17,-0.2732,0.116,0.884,0.0
2018-09-20,0.8271,0.084,0.596,0.32
2018-09-24,0.5994,0.083,0.805,0.112
2018-09-28,0.3182,0.094,0.78,0.126
2018-10-01,0.3612,0.115,0.728,0.157
2018-10-04,0.0129,0.099,0.8220000000000001,0.079
2018-10-09,0.0,0.0,1.0,0.0
2018-10-11,0.6124,0.0,0.8440000000000001,0.156
2018-10-12,0.9236,0.0,0.7809999999999999,0.219
2018-10-16,-0.1216,0.077,0.855,0.067
2018-10-17,0.0,0.0,1.0,0.0
2018-10-18,0.0,0.0,1.0,0.0
2018-10-24,0.5574,0.061,0.815,0.124
2018-10-30,-0.1623,0.064,0.868,0.068
2018-10-31,0.6207,0.0,0.892,0.108
2018-11-01,0.29600000000000004,0.0,0.8640000000000001,0.136
2018-11-02,-0.0541,0.07,0.866,0.063
2018-11-09,0.5994,0.0,0.7859999999999999,0.214
2018-11-12,0.0,0.0,1.0,0.0
2018-11-16,0.4019,0.0,0.649,0.35100000000000003
2018-11-25,0.34,0.0,0.893,0.107
2018-11-27,-0.5267,0.145,0.855,0.0
2018-11-28,-0.1909,0.058,0.909,0.033
2018-11-29,0.4019,0.032,0.898,0.07
2018-12-05,0.0,0.0,1.0,0.0
2018-12-07,0.0772,0.102,0.78,0.117
2018-12-13,0.7783,0.044,0.8190000000000001,0.13699999999999998
2018-12-14,0.7481,0.057,0.748,0.195
2018-12-16,-0.3182,0.204,0.7959999999999999,0.0
2018-12-18,0.8622,0.0,0.8190000000000001,0.181
2018-12-20,-0.7383,0.101,0.873,0.026
2018-12-21,0.3182,0.017,0.951,0.032
2018-12-24,0.3976,0.098,0.667,0.235
2018-12-25,0.0,0.0,1.0,0.0
2018-12-27,0.368,0.0,0.78,0.22
2019-01-02,-0.7783,0.14,0.86,0.0
2019-01-04,-0.3182,0.028,0.972,0.0
2019-01-05,0.0,0.0,1.0,0.0
2019-01-06,0.7579,0.0,0.857,0.14300000000000002
2019-01-07,0.2263,0.011,0.97,0.018000000000000002
2019-01-09,0.9396,0.01,0.863,0.126
2019-01-11,0.9545,0.066,0.7929999999999999,0.141
2019-01-12,0.8658,0.018000000000000002,0.836,0.146
2019-01-13,0.6249,0.025,0.882,0.093
2019-01-14,0.29600000000000004,0.0,0.833,0.16699999999999998
2019-01-15,0.128,0.036000000000000004,0.914,0.051
2019-01-16,0.4019,0.0,0.957,0.043
2019-01-17,0.9618,0.011,0.818,0.171
2019-01-18,0.7935,0.078,0.782,0.14
2019-01-20,0.4404,0.0,0.903,0.097
2019-01-21,0.6705,0.04,0.8,0.16
2019-01-22,0.5574,0.015,0.938,0.047
2019-01-23,0.9612,0.023,0.828,0.149
2019-01-24,0.765,0.013,0.905,0.08199999999999999
2019-01-26,0.8126,0.012,0.906,0.08199999999999999
2019-01-27,0.959,0.031,0.8490000000000001,0.12
2019-01-28,0.8176,0.037000000000000005,0.877,0.086
2019-01-29,0.6705,0.0,0.893,0.107
2019-01-30,0.9603,0.0,0.836,0.16399999999999998
2019-01-31,0.5267,0.013,0.943,0.044
2019-02-01,0.8519,0.0,0.853,0.147
2019-02-02,0.4404,0.031,0.894,0.075
2019-02-03,0.9371,0.023,0.7140000000000001,0.262
2019-02-04,0.6369,0.041,0.8009999999999999,0.157
2019-02-05,0.7003,0.0,0.833,0.16699999999999998
2019-02-06,0.8481,0.031,0.8740000000000001,0.095
2019-02-07,0.7096,0.0,0.823,0.177
2019-02-08,0.7269,0.025,0.878,0.097
2019-02-09,0.8807,0.0,0.905,0.095
2019-02-10,0.93,0.038,0.787,0.17600000000000002
2019-02-11,0.4019,0.065,0.843,0.092
2019-02-13,0.5719,0.032,0.902,0.066
2019-02-14,0.9764,0.014,0.7829999999999999,0.203
2019-02-15,0.7003,0.033,0.88,0.08800000000000001
2019-02-17,0.9657,0.03,0.823,0.14800000000000002
2019-02-18,0.7003,0.0,0.833,0.16699999999999998
2019-02-19,0.5994,0.0,0.8640000000000001,0.136
2019-02-20,0.7325,0.051,0.7809999999999999,0.168
2019-02-21,0.9454,0.014,0.802,0.184
2019-02-22,0.7506,0.0,0.902,0.098
2019-02-23,0.91,0.021,0.8109999999999999,0.168
2019-02-25,0.775,0.038,0.845,0.117
2019-02-26,0.6486,0.029,0.901,0.07
2019-02-28,-0.8964,0.174,0.826,0.0
2019-03-01,0.7096,0.033,0.815,0.153
2019-03-02,0.8798,0.037000000000000005,0.852,0.111
2019-03-03,-0.3034,0.046,0.954,0.0
2019-03-04,0.5267,0.042,0.8190000000000001,0.138
2019-03-05,0.7405,0.021,0.8909999999999999,0.08800000000000001
2019-03-06,0.7351,0.0,0.7759999999999999,0.224
2019-03-07,-0.5371,0.046,0.954,0.0
2019-03-08,-0.6115,0.166,0.8340000000000001,0.0
2019-03-09,0.5267,0.039,0.858,0.103
2019-03-10,0.8074,0.014,0.898,0.08900000000000001
2019-03-11,0.9492,0.056,0.727,0.217
2019-03-13,0.7906,0.036000000000000004,0.738,0.226
2019-03-14,0.1027,0.061,0.867,0.07200000000000001
2019-03-15,0.7783,0.047,0.818,0.135
2019-03-16,0.6808,0.057,0.812,0.131
2019-03-19,0.3612,0.0,0.923,0.077
2019-03-20,-0.1154,0.053,0.8909999999999999,0.056
2019-03-21,0.0,0.0,1.0,0.0
2019-03-22,-0.4466,0.091,0.861,0.048
2019-03-24,0.9001,0.036000000000000004,0.853,0.111
2019-03-28,-0.3034,0.032,0.968,0.0
2019-03-29,0.7992,0.0,0.8340000000000001,0.166
2019-03-31,0.2023,0.14800000000000002,0.6629999999999999,0.189
2019-04-01,0.5719,0.04,0.8320000000000001,0.129
2019-04-02,0.4939,0.033,0.877,0.08900000000000001
2019-04-03,0.0,0.0,1.0,0.0
2019-04-05,0.34,0.0,0.946,0.054000000000000006
2019-04-06,0.3612,0.0,0.857,0.14300000000000002
2019-04-07,-0.128,0.14300000000000002,0.857,0.0
2019-04-09,0.29600000000000004,0.06,0.8690000000000001,0.071
2019-04-10,0.3818,0.0,0.8740000000000001,0.126
2019-04-11,0.0,0.0,1.0,0.0
2019-04-12,0.1779,0.027000000000000003,0.937,0.036000000000000004
2019-04-13,0.5106,0.022,0.921,0.057
2019-04-14,-0.3612,0.1,0.8420000000000001,0.057
2019-04-15,0.8937,0.055,0.8590000000000001,0.086
2019-04-16,-0.2263,0.192,0.8079999999999999,0.0
2019-04-17,0.8074,0.024,0.821,0.155
2019-04-18,-0.0516,0.096,0.843,0.062
2019-04-22,0.8689,0.0,0.838,0.162
2019-04-24,-0.5423,0.138,0.862,0.0
2019-04-25,0.4019,0.0,0.838,0.162
2019-04-26,0.6874,0.0,0.679,0.321
2019-04-30,0.7672,0.07,0.743,0.188
2019-05-03,-0.29600000000000004,0.121,0.879,0.0
2019-05-07,0.4019,0.0,0.722,0.278
2019-05-13,0.1027,0.096,0.8220000000000001,0.08199999999999999
2019-05-16,0.3612,0.0,0.815,0.185
2019-05-17,0.4939,0.0,0.682,0.318
2019-05-18,0.8402,0.0,0.718,0.282
2019-05-22,-0.5423,0.231,0.769,0.0
2019-05-28,0.3182,0.0,0.909,0.091
2019-05-29,0.2023,0.117,0.741,0.142
2019-05-31,0.4019,0.0,0.748,0.252
2019-06-03,-0.4019,0.374,0.468,0.158
2019-06-06,0.0,0.0,1.0,0.0
2019-06-10,0.0,0.0,1.0,0.0
2019-06-13,0.3818,0.0,0.92,0.08
2019-06-19,0.0,0.0,1.0,0.0
2019-06-24,0.3818,0.0,0.7759999999999999,0.224
2019-06-25,0.0,0.0,1.0,0.0
2019-07-02,0.765,0.0,0.515,0.485
2019-07-03,0.6582,0.054000000000000006,0.836,0.11
2019-07-05,0.8144,0.059,0.821,0.12
2019-07-07,0.0,0.0,1.0,0.0
2019-07-08,0.5574,0.0,0.953,0.047
2019-07-10,0.6808,0.0,0.804,0.196
2019-07-11,-0.1027,0.052000000000000005,0.905,0.043
2019-07-12,0.9958,0.028,0.8420000000000001,0.13
2019-07-13,0.8934,0.0,0.91,0.09
2019-07-14,0.8582,0.039,0.871,0.09
2019-07-15,-0.7452,0.086,0.857,0.057
2019-07-16,0.6369,0.0,0.898,0.102
2019-07-17,0.0,0.0,1.0,0.0
2019-07-18,-0.5423,0.053,0.947,0.0
2019-07-26,-0.5106,0.076,0.924,0.0
2019-07-30,-0.7717,0.116,0.848,0.035
2019-07-31,0.8331,0.0,0.8190000000000001,0.181
2019-08-02,0.8074,0.0,0.847,0.153
2019-08-06,0.0,0.0,1.0,0.0
2019-08-15,-0.368,0.064,0.906,0.029
2019-08-16,0.4404,0.0,0.932,0.068
2019-08-21,0.3736,0.043,0.8740000000000001,0.08199999999999999
2019-08-23,0.5267,0.041,0.847,0.112
2019-08-30,-0.6808,0.107,0.893,0.0
2019-09-03,0.7964,0.0,0.858,0.142
2019-09-05,-0.4588,0.156,0.763,0.08
2019-09-06,0.836,0.056,0.8390000000000001,0.105
2019-09-13,0.29100000000000004,0.041,0.878,0.081
2019-09-20,-0.1935,0.097,0.8540000000000001,0.05
2019-09-22,0.29600000000000004,0.0,0.965,0.035
2019-09-23,0.8548,0.023,0.879,0.098
2019-09-24,0.9695,0.018000000000000002,0.8420000000000001,0.14
2019-09-29,-0.0101,0.036000000000000004,0.929,0.035
2019-09-30,-0.2144,0.079,0.875,0.046
2019-10-04,0.0,0.0,1.0,0.0
2019-10-06,0.9593,0.078,0.5870000000000001,0.336
2019-10-07,0.4019,0.0,0.93,0.07
2019-10-08,0.0,0.0,1.0,0.0
2019-10-09,0.3818,0.0,0.965,0.035
2019-10-10,0.0,0.0,1.0,0.0
2019-10-11,0.9244,0.042,0.838,0.12
2019-10-12,0.5319,0.0,0.8140000000000001,0.18600000000000005
2019-10-13,0.8265,0.07,0.8170000000000001,0.113
2019-10-14,0.8779,0.0,0.858,0.142
2019-10-15,0.7458,0.041,0.853,0.105
2019-10-16,-0.1298,0.102,0.813,0.085
2019-10-18,0.743,0.018000000000000002,0.912,0.069
2019-10-21,-0.7832,0.103,0.7959999999999999,0.101
2019-10-22,0.9986,0.066,0.821,0.113
2019-10-23,0.9871,0.081,0.792,0.126
2019-10-24,-0.7506,0.132,0.7659999999999999,0.103
2019-10-25,0.8402,0.0,0.7709999999999999,0.229
2019-10-26,0.0943,0.053,0.8690000000000001,0.078
2019-10-27,0.4966,0.068,0.816,0.116
2019-10-28,0.7003,0.056,0.8079999999999999,0.136
2019-10-30,0.4019,0.0,0.954,0.046
2019-10-31,0.9231,0.043,0.8490000000000001,0.109
2019-11-01,0.8945,0.059,0.7240000000000001,0.217
2019-11-03,-0.3681,0.156,0.7070000000000001,0.13699999999999998
2019-11-04,0.1447,0.071,0.8740000000000001,0.055
2019-11-05,-0.276,0.09,0.841,0.069
2019-11-06,0.2359,0.08199999999999999,0.8290000000000001,0.08900000000000001
2019-11-07,-0.7184,0.232,0.637,0.131
2019-11-09,0.785,0.086,0.741,0.173
2019-11-11,0.1695,0.0,0.868,0.132
2019-11-12,0.9004,0.122,0.708,0.171
2019-11-13,-0.4939,0.19,0.6940000000000001,0.116
2019-11-14,0.4019,0.0,0.922,0.078
2019-11-18,0.0772,0.0,0.952,0.048
2019-11-21,0.2023,0.029,0.927,0.044
2019-11-22,0.9807,0.0,0.83,0.17
2019-11-23,0.2732,0.0,0.954,0.046
2019-11-26,0.4019,0.0,0.942,0.058
2019-12-01,-0.3279,0.13,0.775,0.095
2019-12-03,0.8807,0.0,0.758,0.242
2019-12-04,0.6597,0.0,0.81,0.19
2019-12-05,0.0,0.0,1.0,0.0
2019-12-10,0.4019,0.0,0.95,0.05
2019-12-12,0.7783,0.023,0.8809999999999999,0.097
2019-12-13,-0.8902,0.177,0.698,0.124
2019-12-14,0.8705,0.124,0.654,0.223
2019-12-15,-0.25,0.136,0.8640000000000001,0.0
2019-12-17,0.7964,0.0,0.936,0.064
2019-12-18,0.1531,0.0,0.918,0.08199999999999999
2019-12-27,0.5719,0.0,0.81,0.19
2020-01-01,0.4215,0.0,0.833,0.16699999999999998
2020-01-03,-0.5095,0.049,0.951,0.0
2020-01-07,0.0,0.0,1.0,0.0
2020-01-09,0.9814,0.026,0.825,0.149
2020-01-10,0.9465,0.054000000000000006,0.8320000000000001,0.113
2020-01-11,0.9719,0.014,0.906,0.08
2020-01-12,0.9938,0.012,0.813,0.175
2020-01-13,0.9862,0.039,0.81,0.151
2020-01-14,0.6705,0.0,0.897,0.103
2020-01-16,0.7876,0.0,0.838,0.162
2020-01-17,0.6808,0.034,0.852,0.114
2020-01-21,0.6369,0.0,0.87,0.13
2020-01-22,0.7184,0.0,0.9,0.1
2020-01-23,0.2023,0.138,0.7040000000000001,0.158
2020-01-24,-0.0258,0.051,0.901,0.048
2020-01-31,-0.128,0.07,0.93,0.0
2020-02-01,0.0,0.0,1.0,0.0
2020-02-07,0.0,0.0,1.0,0.0
2020-02-08,0.3818,0.0,0.794,0.206
2020-02-10,0.6808,0.023,0.889,0.08800000000000001
2020-02-13,0.8555,0.0,0.79,0.21
2020-02-15,-0.25,0.141,0.7809999999999999,0.078
2020-02-17,0.5859,0.0,0.893,0.107
2020-02-18,-0.5106,0.102,0.898,0.0
2020-02-19,0.0,0.0,1.0,0.0
2020-02-20,0.9062,0.0,0.6779999999999999,0.322
2020-02-24,-0.9266,0.18,0.82,0.0
2020-02-28,-0.4865,0.081,0.919,0.0
2020-03-02,0.457,0.061,0.836,0.104
2020-03-03,0.972,0.0,0.7929999999999999,0.207
2020-03-04,0.34,0.0,0.789,0.211
2020-03-06,0.5574,0.0,0.899,0.101
2020-03-07,-0.3825,0.124,0.768,0.107
2020-03-08,0.2197,0.12,0.7120000000000001,0.168
2020-03-09,0.8346,0.086,0.579,0.335
2020-03-10,0.0,0.0,1.0,0.0
2020-03-11,0.6808,0.0,0.823,0.177
2020-03-13,-0.4678,0.212,0.623,0.166
2020-03-16,0.0258,0.0,0.916,0.084
2020-03-17,0.9575,0.084,0.665,0.251
2020-03-18,0.9804,0.07,0.755,0.175
2020-03-19,0.9766,0.0,0.6659999999999999,0.334
2020-03-20,0.8271,0.0,0.873,0.127
2020-03-23,0.8882,0.0,0.8740000000000001,0.126
2020-03-24,0.9638,0.023,0.733,0.244
2020-03-25,0.807,0.0,0.863,0.13699999999999998
2020-03-26,0.0,0.0,1.0,0.0
2020-03-27,-0.0772,0.084,0.838,0.078
2020-03-28,0.4019,0.0,0.816,0.184
2020-03-30,0.0,0.0,1.0,0.0
2020-03-31,-0.4939,0.11,0.89,0.0
2020-04-01,0.979,0.01,0.847,0.14400000000000002
2020-04-02,0.4215,0.0,0.8909999999999999,0.109
2020-04-04,-0.8683,0.259,0.741,0.0
2020-04-06,0.4019,0.0,0.8909999999999999,0.109
2020-04-07,0.9074,0.019,0.8740000000000001,0.107
2020-04-08,0.8225,0.0,0.723,0.277
2020-04-09,0.0,0.0,1.0,0.0
2020-04-13,0.29600000000000004,0.0,0.925,0.075
2020-04-17,0.29600000000000004,0.0,0.925,0.075
2020-04-18,0.3818,0.052000000000000005,0.831,0.117
2020-04-19,0.7506,0.0,0.939,0.061
2020-04-20,0.7829999999999999,0.066,0.8270000000000001,0.108
2020-04-21,0.8294,0.029,0.855,0.117
2020-04-23,-0.5574,0.213,0.787,0.0
2020-04-24,0.7845,0.0,0.862,0.138
2020-04-25,0.4767,0.0,0.928,0.07200000000000001
2020-04-27,0.8402,0.0,0.852,0.14800000000000002
2020-04-30,0.9119,0.021,0.8220000000000001,0.157
2020-05-06,0.0,0.0,1.0,0.0
2020-05-07,0.4019,0.0,0.856,0.14400000000000002
2020-05-11,0.0,0.0,1.0,0.0
2020-05-14,0.7311,0.028,0.8809999999999999,0.091
2020-05-18,0.8225,0.0,0.802,0.198
2020-05-20,0.3182,0.047,0.847,0.106
2020-05-21,0.3182,0.104,0.772,0.124
2020-05-22,0.7184,0.0,0.887,0.113
2020-05-23,0.872,0.0,0.908,0.092
2020-05-25,0.743,0.0,0.904,0.096
2020-05-26,0.0,0.0,1.0,0.0
2020-05-27,0.0,0.0,1.0,0.0
2020-05-29,0.6486,0.0,0.85,0.15
2020-05-30,0.3612,0.0,0.889,0.111
2020-05-31,0.4215,0.0,0.517,0.483
2020-06-04,0.2732,0.0,0.957,0.043
2020-06-05,-0.4678,0.121,0.8140000000000001,0.065
2020-06-08,0.2023,0.041,0.902,0.057
2020-06-11,0.0772,0.068,0.8420000000000001,0.09
2020-06-15,0.9686,0.0,0.696,0.304
2020-06-16,0.7717,0.0,0.815,0.185
2020-06-17,-0.7003,0.177,0.823,0.0
2020-06-19,0.9413,0.0,0.816,0.184
2020-06-23,0.4215,0.0,0.963,0.037000000000000005
2020-06-25,-0.5267,0.091,0.909,0.0
2020-06-26,0.9714,0.021,0.883,0.096
2020-06-28,0.4588,0.0,0.918,0.08199999999999999
2020-06-29,0.0772,0.067,0.841,0.092
2020-07-01,0.9432,0.0,0.8859999999999999,0.114
2020-07-02,0.0258,0.031,0.937,0.032
2020-07-03,0.3612,0.0,0.863,0.13699999999999998
2020-07-05,0.5904,0.036000000000000004,0.8690000000000001,0.095
2020-07-06,0.29600000000000004,0.0,0.948,0.052000000000000005
2020-07-07,0.3182,0.061,0.84,0.099
2020-07-08,0.8402,0.0,0.8909999999999999,0.109
2020-07-10,0.8225,0.0,0.7979999999999999,0.202
2020-07-11,-0.128,0.158,0.8420000000000001,0.0
2020-07-13,0.7096,0.0,0.809,0.191
2020-07-14,0.8591,0.016,0.916,0.068
2020-07-15,0.9953,0.033,0.852,0.115
2020-07-16,0.9985,0.055,0.8029999999999999,0.142
2020-07-17,0.9382,0.011,0.913,0.077
2020-07-18,0.6936,0.043,0.845,0.112
2020-07-19,0.8655,0.041,0.835,0.125
2020-07-20,0.9885,0.0,0.868,0.132
2020-07-21,-0.3301,0.061,0.889,0.05
2020-07-22,0.7546,0.092,0.7879999999999999,0.119
2020-07-23,0.8271,0.0,0.821,0.179
2020-07-24,0.9546,0.005,0.899,0.096
2020-07-25,0.8442,0.018000000000000002,0.871,0.11
2020-07-26,0.8859999999999999,0.019,0.887,0.094
2020-07-27,0.9744,0.07,0.7909999999999999,0.139
2020-07-30,0.9494,0.045,0.828,0.127
2020-07-31,0.4019,0.0,0.967,0.033
2020-08-01,0.4094,0.04,0.863,0.097
2020-08-02,-0.1796,0.08,0.8690000000000001,0.05
2020-08-03,0.3612,0.0,0.943,0.057
2020-08-04,0.9646,0.0,0.856,0.14400000000000002
2020-08-05,0.9341,0.0,0.89,0.11
2020-08-06,0.4019,0.0,0.8909999999999999,0.109
2020-08-07,0.4588,0.019,0.932,0.049
2020-08-09,0.7378,0.0,0.816,0.184
2020-08-10,0.4497,0.01,0.967,0.023
2020-08-12,0.8658,0.013,0.916,0.071
2020-08-13,0.2023,0.0,0.979,0.021
2020-08-14,0.5719,0.07200000000000001,0.746,0.182
2020-08-16,0.0516,0.023,0.951,0.026
2020-08-17,-0.3676,0.077,0.863,0.06
2020-08-18,-0.0516,0.05,0.905,0.045
2020-08-20,0.9578,0.027000000000000003,0.865,0.108
2020-08-22,0.684,0.073,0.763,0.16399999999999998
2020-08-24,0.6597,0.0,0.863,0.13699999999999998
2020-08-25,0.9757,0.0,0.828,0.172
2020-08-26,0.6246,0.091,0.7170000000000001,0.192
2020-08-27,0.9552,0.0,0.7609999999999999,0.239
2020-08-28,0.8225,0.0,0.918,0.08199999999999999
2020-08-29,0.3354,0.028,0.936,0.036000000000000004
2020-08-30,0.4767,0.042,0.861,0.097
2020-08-31,0.8248,0.0,0.933,0.067
2020-09-01,-0.4404,0.079,0.921,0.0
2020-09-02,0.8647,0.0,0.877,0.123
2020-09-03,0.4019,0.033,0.897,0.07
2020-09-04,0.2023,0.0,0.954,0.046
2020-09-06,0.9578,0.0,0.736,0.264
2020-09-07,0.9511,0.011,0.88,0.108
2020-09-08,0.9865,0.0,0.7609999999999999,0.239
2020-09-09,0.9578,0.0,0.7390000000000001,0.261
2020-09-10,0.8519,0.048,0.759,0.193
2020-09-11,0.0258,0.086,0.826,0.08800000000000001
2020-09-14,0.9106,0.036000000000000004,0.8759999999999999,0.08800000000000001
2020-09-15,0.9701,0.026,0.86,0.114
2020-09-16,0.9559,0.012,0.8140000000000001,0.175
2020-09-17,0.9436,0.033,0.8170000000000001,0.15
2020-09-19,0.9676,0.022,0.84,0.138
2020-09-21,0.0,0.0,1.0,0.0
2020-09-22,0.9432,0.066,0.7759999999999999,0.157
2020-09-23,0.9847,0.0,0.872,0.128
2020-09-24,-0.0343,0.084,0.846,0.07
2020-09-25,0.9447,0.046,0.7929999999999999,0.161
2020-09-26,0.7096,0.0,0.7609999999999999,0.239
2020-09-28,0.9403,0.0,0.823,0.177
2020-09-30,0.7096,0.052000000000000005,0.782,0.166
2020-10-01,0.6908,0.0,0.885,0.115
2020-10-02,0.5106,0.029,0.897,0.07400000000000001
2020-10-04,0.9643,0.0,0.6459999999999999,0.354
2020-10-05,0.9568,0.0,0.6579999999999999,0.342
2020-10-06,-0.7003,0.109,0.8390000000000001,0.052000000000000005
2020-10-07,0.93,0.1,0.7390000000000001,0.161
2020-10-08,0.9834,0.051,0.845,0.103
2020-10-09,0.7906,0.0,0.7709999999999999,0.229
2020-10-11,0.9382,0.0,0.777,0.223
2020-10-12,0.4278,0.032,0.916,0.053
2020-10-13,0.9519,0.0,0.912,0.08800000000000001
2020-10-14,0.9982,0.02,0.8170000000000001,0.163
2020-10-15,0.9873,0.009000000000000001,0.91,0.081
2020-10-16,0.872,0.014,0.932,0.053
2020-10-17,0.7876,0.022,0.894,0.084
2020-10-18,0.8834,0.0,0.8540000000000001,0.146
2020-10-19,0.9803,0.022,0.875,0.103
2020-10-20,0.9856,0.023,0.8640000000000001,0.113
2020-10-21,0.9819,0.01,0.831,0.158
2020-10-22,0.8591,0.033,0.833,0.134
2020-10-23,0.9956,0.0,0.913,0.087
2020-10-26,0.9911,0.0,0.89,0.11
2020-10-27,0.7506,0.0,0.7390000000000001,0.261
2020-10-28,0.9565,0.023,0.856,0.121
2020-10-29,0.9547,0.0,0.787,0.213
2020-10-31,0.7845,0.0,0.877,0.123
2020-11-02,0.9222,0.0,0.865,0.135
2020-11-03,0.4404,0.022,0.932,0.047
2020-11-04,0.9325,0.0,0.915,0.085
2020-11-05,0.8531,0.0,0.892,0.108
2020-11-06,0.8402,0.0,0.897,0.103
2020-11-09,0.6369,0.0,0.588,0.412
2020-11-10,0.7506,0.0,0.72,0.28
2020-11-11,0.8834,0.0,0.67,0.33
2020-11-12,0.6369,0.0,0.887,0.113
2020-11-13,0.765,0.0,0.855,0.145
2020-11-14,0.6369,0.0,0.588,0.412
2020-11-15,0.0,0.0,1.0,0.0
2020-11-18,0.94,0.091,0.7240000000000001,0.185
2020-11-19,0.9186,0.0,0.81,0.19
2020-11-22,0.0,0.0,1.0,0.0
2020-11-23,0.9442,0.016,0.833,0.151
2020-11-25,0.8107,0.075,0.7390000000000001,0.18600000000000005
2020-11-27,-0.29600000000000004,0.099,0.901,0.0
2020-11-30,0.4404,0.0,0.937,0.063
2020-12-01,0.9541,0.032,0.797,0.171
2020-12-02,0.9136,0.0,0.745,0.255
2020-12-05,0.6369,0.0,0.769,0.231
2020-12-07,-0.3818,0.097,0.863,0.04
2020-12-08,0.5859,0.07400000000000001,0.738,0.188
2020-12-09,0.3612,0.094,0.7879999999999999,0.117
2020-12-10,0.447,0.047,0.88,0.073
2020-12-12,0.2732,0.0,0.769,0.231
2020-12-13,0.9598,0.048,0.747,0.205
2020-12-14,-0.2263,0.13699999999999998,0.863,0.0
2020-12-16,-0.3818,0.131,0.8009999999999999,0.068
2020-12-17,0.6705,0.086,0.736,0.17800000000000002
2020-12-18,0.872,0.042,0.878,0.08
2020-12-21,-0.1154,0.021,0.979,0.0
2020-12-22,0.9319,0.027000000000000003,0.878,0.095
2020-12-23,0.981,0.051,0.802,0.14800000000000002
2020-12-24,-0.3485,0.054000000000000006,0.915,0.031
2020-12-25,-0.2263,0.13699999999999998,0.863,0.0
2020-12-26,0.882,0.02,0.8590000000000001,0.121
2020-12-27,0.6597,0.0,0.769,0.231
2020-12-28,-0.2263,0.13699999999999998,0.863,0.0
2020-12-29,0.5849,0.023,0.909,0.068
2020-12-30,0.2944,0.034,0.917,0.049
2021-01-01,-0.2263,0.13699999999999998,0.863,0.0
2021-01-03,0.0,0.0,1.0,0.0
2021-01-04,0.91,0.024,0.792,0.184
2021-01-05,0.7425,0.0,0.888,0.112
2021-01-06,0.4019,0.0,0.895,0.105
2021-01-07,0.228,0.131,0.7190000000000001,0.15
2021-01-08,-0.2263,0.104,0.7909999999999999,0.105
2021-01-09,0.9393,0.029,0.784,0.18600000000000005
2021-01-11,0.9761,0.014,0.878,0.108
2021-01-12,0.4019,0.0,0.958,0.042
2021-01-13,-0.0772,0.086,0.8420000000000001,0.07200000000000001
2021-01-14,0.9174,0.065,0.794,0.141
2021-01-15,-0.8909999999999999,0.131,0.7929999999999999,0.075
2021-01-17,0.6362,0.054000000000000006,0.838,0.107
2021-01-18,-0.2263,0.13699999999999998,0.863,0.0
2021-01-19,0.4588,0.033,0.88,0.086
2021-01-20,0.8625,0.016,0.88,0.104
2021-01-21,0.6369,0.0,0.927,0.073
2021-01-22,0.0,0.0,1.0,0.0
2021-01-24,0.5499,0.0,0.785,0.215
2021-01-25,0.1779,0.0,0.918,0.08199999999999999
2021-01-26,0.128,0.081,0.821,0.097
2021-01-28,-0.7651,0.249,0.688,0.063
2021-01-29,0.926,0.0,0.8029999999999999,0.197
2021-02-02,0.0,0.0,1.0,0.0
2021-02-03,0.6597,0.0,0.35700000000000004,0.643
2021-02-05,0.802,0.0,0.728,0.272
2021-02-06,0.5766,0.022,0.911,0.067
2021-02-08,0.8176,0.0,0.929,0.071
2021-02-09,0.9349,0.0,0.765,0.235
2021-02-13,0.8591,0.027000000000000003,0.8390000000000001,0.133
2021-02-15,0.4019,0.0,0.8759999999999999,0.124
2021-02-16,0.1027,0.083,0.83,0.087
2021-02-17,0.29600000000000004,0.0,0.784,0.21600000000000005
2021-02-19,0.6207,0.0,0.911,0.08900000000000001
2021-02-23,0.0,0.0,1.0,0.0
2021-02-24,0.8591,0.0,0.939,0.061
2021-03-01,0.0,0.0,1.0,0.0
2021-03-03,0.5984,0.05,0.8640000000000001,0.086
2021-03-04,0.9468,0.043,0.7959999999999999,0.162
2021-03-05,0.5859,0.0,0.939,0.061
2021-03-08,0.4019,0.0,0.951,0.049
2021-03-09,0.4466,0.036000000000000004,0.916,0.048
2021-03-10,0.8722,0.051,0.809,0.14
2021-03-11,0.4404,0.0,0.971,0.029
2021-03-12,-0.29600000000000004,0.087,0.873,0.039
2021-03-15,0.4404,0.0,0.925,0.075
2021-03-16,0.7845,0.0,0.905,0.095
2021-03-17,-0.0516,0.062,0.88,0.058
2021-03-18,0.7603,0.141,0.627,0.233
2021-03-19,-0.4215,0.057,0.904,0.038
2021-03-20,-0.29600000000000004,0.202,0.7070000000000001,0.091
2021-03-21,0.8909999999999999,0.031,0.8420000000000001,0.127
2021-03-22,0.7964,0.056,0.6579999999999999,0.28600000000000003
2021-03-27,0.7783,0.0,0.833,0.16699999999999998
2021-03-29,0.0,0.0,1.0,0.0
2021-03-30,0.0516,0.042,0.911,0.047
2021-04-01,0.4404,0.07400000000000001,0.7390000000000001,0.187
2021-04-03,0.5423,0.0,0.836,0.16399999999999998
2021-04-04,0.34,0.0,0.888,0.112
2021-04-05,0.9819,0.009000000000000001,0.889,0.102
2021-04-06,0.7184,0.0,0.92,0.08
2021-04-07,-0.6124,0.166,0.7170000000000001,0.117
2021-04-08,0.936,0.037000000000000005,0.77,0.193
2021-04-09,-0.1779,0.085,0.838,0.078
2021-04-10,0.7184,0.0,0.889,0.111
2021-04-11,0.3395,0.055,0.893,0.053
2021-04-12,0.9898,0.0,0.895,0.105
2021-04-13,0.765,0.01,0.942,0.049
2021-04-14,0.9963,0.015,0.875,0.11
2021-04-15,0.9493,0.026,0.901,0.073
2021-04-16,0.967,0.009000000000000001,0.8909999999999999,0.1
2021-04-17,0.0,0.0,1.0,0.0
2021-04-18,-0.4019,0.07,0.93,0.0
2021-04-19,-0.128,0.099,0.84,0.062
2021-04-23,0.8519,0.054000000000000006,0.8109999999999999,0.135
2021-04-25,0.29600000000000004,0.0,0.879,0.121
2021-04-28,0.8271,0.0,0.617,0.383
2021-04-30,-0.8579,0.466,0.534,0.0
2021-05-06,0.29600000000000004,0.0,0.956,0.044
2021-05-07,0.4391,0.047,0.883,0.07
2021-05-08,0.836,0.039,0.769,0.191
2021-05-09,0.4215,0.031,0.897,0.07200000000000001
2021-05-10,0.802,0.0,0.8759999999999999,0.124
2021-05-11,0.6908,0.0,0.6759999999999999,0.324
2021-05-12,-0.4278,0.205,0.795,0.0
2021-05-13,0.4019,0.0,0.937,0.063
2021-05-14,-0.3182,0.103,0.897,0.0
2021-05-16,-0.228,0.061,0.892,0.047
2021-05-18,0.2732,0.0,0.957,0.043
2021-05-19,0.8658,0.02,0.843,0.13699999999999998
2021-05-20,0.0,0.0,1.0,0.0
2021-05-21,0.8639,0.025,0.846,0.129
2021-05-24,0.4588,0.081,0.764,0.155
2021-05-25,-0.6124,0.08199999999999999,0.918,0.0
2021-05-26,0.8976,0.051,0.855,0.094
2021-05-27,0.1027,0.027000000000000003,0.939,0.033
2021-05-28,0.9595,0.026,0.7809999999999999,0.193
2021-05-31,0.802,0.0,0.929,0.071
2021-06-01,-0.6908,0.156,0.765,0.079
2021-06-02,0.4767,0.0,0.921,0.079
2021-06-03,0.743,0.0,0.885,0.115
2021-06-04,0.1779,0.034,0.911,0.055
2021-06-05,0.0,0.0,1.0,0.0
2021-06-06,0.6486,0.0,0.904,0.096
2021-06-07,0.5106,0.0,0.96,0.04
2021-06-08,-0.7395,0.065,0.909,0.026
2021-06-09,0.9839,0.023,0.8240000000000001,0.153
2021-06-10,0.0,0.0,1.0,0.0
2021-06-11,0.0,0.0,1.0,0.0
2021-06-12,0.0,0.0,1.0,0.0
2021-06-13,0.8807,0.0,0.894,0.106
2021-06-14,0.5609,0.116,0.732,0.152
2021-06-15,0.8689,0.026,0.85,0.124
2021-06-16,-0.383,0.104,0.831,0.065
2021-06-17,0.8396,0.032,0.892,0.076
2021-06-19,0.9559,0.023,0.8,0.177
2021-06-20,0.8768,0.016,0.9,0.084
2021-06-21,-0.3871,0.118,0.8029999999999999,0.079
2021-06-23,0.0,0.0,1.0,0.0
2021-06-24,0.9802,0.012,0.892,0.097
2021-06-25,0.9768,0.081,0.735,0.184
2021-06-26,0.3182,0.0,0.971,0.029
2021-06-27,0.0,0.0,1.0,0.0
2021-06-28,0.4404,0.0,0.919,0.081
2021-06-29,0.4939,0.041,0.893,0.066
2021-06-30,0.0,0.0,1.0,0.0
2021-07-01,0.6597,0.023,0.88,0.096
2021-07-02,-0.7897,0.138,0.8009999999999999,0.061
2021-07-03,0.0,0.0,1.0,0.0
2021-07-04,0.81,0.067,0.825,0.108
2021-07-05,0.5319,0.0,0.939,0.061
2021-07-06,0.2023,0.0,0.951,0.049
2021-07-07,0.0,0.0,1.0,0.0
2021-07-08,-0.29600000000000004,0.087,0.913,0.0
2021-07-10,-0.5023,0.15,0.736,0.114
2021-07-11,0.0,0.0,1.0,0.0
2021-07-12,0.6652,0.0,0.936,0.064
2021-07-13,0.0,0.0,1.0,0.0
2021-07-14,0.9975,0.048,0.775,0.177
2021-07-15,0.1477,0.087,0.8290000000000001,0.085
2021-07-16,0.9118,0.028,0.8440000000000001,0.128
2021-07-17,0.9118,0.0,0.82,0.18
2021-07-18,0.6808,0.0,0.752,0.248
2021-07-19,0.4588,0.035,0.895,0.069
2021-07-20,0.9329,0.098,0.594,0.307
2021-07-22,0.9089,0.05,0.795,0.155
2021-07-23,0.4019,0.031,0.9,0.069
2021-07-24,-0.32299999999999995,0.138,0.745,0.117
2021-07-25,0.8133,0.092,0.7140000000000001,0.194
2021-07-26,0.8253,0.034,0.878,0.08800000000000001
2021-07-27,-0.6908,0.205,0.7090000000000001,0.086
2021-07-28,0.8316,0.0,0.943,0.057
2021-07-29,0.7579,0.0,0.924,0.076
2021-07-31,0.0,0.0,1.0,0.0
2021-08-01,0.0258,0.097,0.8270000000000001,0.077
2021-08-03,0.9158,0.039,0.858,0.103
2021-08-06,0.3612,0.0,0.967,0.033
2021-08-08,0.4404,0.0,0.934,0.066
2021-08-10,0.0,0.0,1.0,0.0
2021-08-11,0.8779,0.022,0.89,0.08800000000000001
2021-08-12,-0.4466,0.057,0.918,0.025
2021-08-13,0.4118,0.023,0.948,0.029
2021-08-14,0.8126,0.0,0.785,0.215
2021-08-15,0.0,0.0,1.0,0.0
2021-08-16,0.6705,0.054000000000000006,0.767,0.17800000000000002
2021-08-17,0.4939,0.062,0.8540000000000001,0.084
2021-08-20,0.9741,0.0,0.85,0.15
2021-08-21,0.8957,0.067,0.795,0.138
2021-08-22,0.8802,0.076,0.8079999999999999,0.116
2021-08-23,-0.846,0.117,0.775,0.108
2021-08-24,0.9441,0.0,0.8809999999999999,0.119
2021-08-25,0.4215,0.069,0.7509999999999999,0.179
2021-08-26,0.0,0.0,1.0,0.0
2021-08-27,-0.5423,0.121,0.8,0.079
2021-08-29,0.8519,0.0,0.903,0.097
2021-08-31,0.7297,0.0,0.8390000000000001,0.161
2021-09-02,0.8637,0.043,0.838,0.119
2021-09-03,0.0,0.0,1.0,0.0
2021-09-04,0.802,0.0,0.894,0.106
2021-09-05,-0.1803,0.085,0.8440000000000001,0.07
2021-09-06,0.9778,0.01,0.868,0.122
2021-09-07,-0.0258,0.023,0.946,0.031
2021-09-08,0.3818,0.22,0.424,0.35600000000000004
2021-09-10,-0.6664,0.066,0.895,0.039
2021-09-13,0.8859999999999999,0.0,0.828,0.172
2021-09-14,0.0,0.0,1.0,0.0
2021-09-16,0.0,0.0,1.0,0.0
2021-09-17,0.128,0.033,0.926,0.042
2021-09-18,0.2263,0.03,0.928,0.041
2021-09-19,0.4588,0.0,0.733,0.267
2021-09-20,-0.4215,0.085,0.8759999999999999,0.039
2021-09-21,0.4019,0.0,0.964,0.036000000000000004
2021-09-22,0.9571,0.036000000000000004,0.8320000000000001,0.133
2021-09-23,-0.5777,0.087,0.848,0.065
2021-09-24,0.3182,0.127,0.713,0.16
2021-09-25,0.7096,0.047,0.8540000000000001,0.1
2021-09-26,0.9212,0.0,0.875,0.125
2021-09-27,0.3612,0.108,0.7120000000000001,0.179
2021-09-28,0.5994,0.054000000000000006,0.753,0.194
2021-10-01,0.0,0.0,1.0,0.0
2021-10-02,0.0,0.0,1.0,0.0
2021-10-03,0.7845,0.0,0.8270000000000001,0.173
2021-10-04,0.4939,0.045,0.867,0.08800000000000001
2021-10-05,0.0,0.0,1.0,0.0
2021-10-06,0.9361,0.029,0.838,0.133
2021-10-07,0.6808,0.0,0.908,0.092
2021-10-10,0.743,0.027000000000000003,0.901,0.07200000000000001
2021-10-11,0.926,0.017,0.8959999999999999,0.087
2021-10-12,0.9877,0.015,0.8190000000000001,0.166
2021-10-13,0.898,0.061,0.853,0.086
2021-10-14,-0.5574,0.09,0.873,0.037000000000000005
2021-10-15,0.612,0.056,0.768,0.17600000000000002
2021-10-17,-0.7964,0.188,0.812,0.0
2021-10-18,0.9325,0.0,0.84,0.16
2021-10-19,0.9194,0.024,0.88,0.095
2021-10-20,0.8294,0.073,0.794,0.133
2021-10-21,0.3612,0.0,0.928,0.07200000000000001
2021-10-22,0.0,0.0,1.0,0.0
2021-10-23,0.4215,0.0,0.922,0.078
2021-10-24,0.8591,0.03,0.8859999999999999,0.084
2021-10-26,0.4404,0.0,0.7070000000000001,0.293
2021-10-27,-0.3612,0.098,0.902,0.0
2021-10-28,0.0,0.0,1.0,0.0
2021-11-01,0.8378,0.043,0.7559999999999999,0.201
2021-11-03,0.6722,0.019,0.913,0.068
2021-11-04,0.8807,0.0,0.946,0.054000000000000006
2021-11-05,-0.34,0.057,0.943,0.0
2021-11-06,0.5571,0.07,0.826,0.104
2021-11-09,0.3952,0.058,0.835,0.107
2021-11-10,0.0,0.0,1.0,0.0
2021-11-11,0.5423,0.0,0.809,0.191
2021-11-12,0.8144,0.08,0.769,0.15
2021-11-13,-0.2973,0.093,0.8390000000000001,0.068
2021-11-14,-0.0258,0.027000000000000003,0.948,0.026
2021-11-15,-0.2023,0.057,0.885,0.059
2021-11-16,0.5423,0.0,0.923,0.077
2021-11-17,0.6705,0.0,0.947,0.053
2021-11-20,-0.4215,0.043,0.957,0.0
2021-11-22,0.128,0.05,0.888,0.063
2021-11-23,0.4466,0.076,0.848,0.076
2021-11-24,0.9201,0.0,0.8270000000000001,0.173
2021-11-25,0.8481,0.0,0.845,0.155
2021-11-26,0.5574,0.0,0.884,0.116
2021-11-27,0.8519,0.0,0.873,0.127
2021-11-28,0.7089,0.0,0.831,0.16899999999999998
2021-11-29,0.0,0.0,1.0,0.0
2021-11-30,0.0,0.0,1.0,0.0
2021-12-01,0.9499,0.014,0.887,0.099
2021-12-02,0.9754,0.013,0.799,0.188
2021-12-03,0.4404,0.0,0.861,0.139
2021-12-04,0.0,0.0,1.0,0.0
2021-12-08,-0.0516,0.029,0.943,0.028
2021-12-09,0.902,0.0,0.805,0.195
2021-12-10,0.7579,0.0,0.8390000000000001,0.161
2021-12-12,0.0,0.0,1.0,0.0
2021-12-13,0.0,0.0,1.0,0.0
2021-12-14,0.4767,0.022,0.929,0.049
2021-12-15,0.9313,0.0,0.828,0.172
2021-12-16,0.1205,0.054000000000000006,0.875,0.07200000000000001
2021-12-17,0.9643,0.037000000000000005,0.8009999999999999,0.162
2021-12-18,0.5267,0.0,0.8909999999999999,0.109
2021-12-19,0.872,0.055,0.84,0.104
2021-12-20,0.5106,0.0,0.934,0.066
2021-12-21,0.6486,0.044,0.763,0.194
2021-12-22,0.5719,0.0,0.865,0.135
2021-12-23,0.6369,0.04,0.902,0.059
2021-12-24,0.9423,0.012,0.843,0.145
2021-12-25,0.6249,0.0,0.6609999999999999,0.339
2021-12-27,0.0,0.0,1.0,0.0
2021-12-28,0.7579,0.0,0.892,0.108
2021-12-29,0.8981,0.032,0.825,0.14300000000000002
2021-12-30,0.8897,0.035,0.858,0.107
2021-12-31,0.0,0.0,1.0,0.0
2022-01-01,0.6369,0.0,0.89,0.11
2022-01-02,0.4939,0.059,0.7979999999999999,0.14400000000000002
2022-01-03,0.6369,0.0,0.88,0.12
2022-01-04,0.5574,0.024,0.898,0.078
2022-01-05,-0.2263,0.025,0.949,0.026
2022-01-07,0.6581,0.054000000000000006,0.872,0.073
2022-01-08,0.6478,0.066,0.748,0.185
2022-01-10,0.0,0.0,1.0,0.0
2022-01-11,0.6486,0.0,0.925,0.075
2022-01-12,0.9958,0.032,0.855,0.113
2022-01-13,0.9893,0.02,0.866,0.114
2022-01-14,0.7269,0.0,0.8759999999999999,0.124
2022-01-15,-0.6858,0.08800000000000001,0.912,0.0
2022-01-16,0.4939,0.0,0.862,0.138
2022-01-17,0.3182,0.0,0.975,0.025
2022-01-18,-0.1779,0.132,0.7659999999999999,0.102
2022-01-19,0.8074,0.07,0.7829999999999999,0.147
2022-01-21,0.9194,0.05,0.816,0.133
2022-01-22,0.0,0.0,1.0,0.0
2022-01-23,0.0516,0.037000000000000005,0.908,0.055
2022-01-24,0.8797,0.037000000000000005,0.8640000000000001,0.1
2022-01-25,0.7184,0.0,0.909,0.091
2022-01-27,0.8807,0.025,0.878,0.097
2022-01-28,0.0,0.0,1.0,0.0
2022-01-29,0.9809,0.051,0.762,0.18600000000000005
2022-01-30,0.6808,0.0,0.865,0.135
2022-01-31,0.9951,0.02,0.76,0.221
2022-02-01,0.5215,0.06,0.802,0.138
2022-02-02,0.7184,0.0,0.838,0.162
2022-02-03,0.9524,0.0,0.851,0.149
2022-02-04,-0.29600000000000004,0.041,0.959,0.0
2022-02-06,-0.7121,0.155,0.7809999999999999,0.064
2022-02-07,0.7351,0.054000000000000006,0.805,0.141
2022-02-08,-0.3843,0.044,0.925,0.031
2022-02-09,0.9633,0.028,0.838,0.134
2022-02-10,-0.0981,0.095,0.8290000000000001,0.076
2022-02-11,0.765,0.026,0.887,0.087
2022-02-12,0.3182,0.055,0.8759999999999999,0.068
2022-02-13,0.0,0.0,1.0,0.0
2022-02-14,0.5766,0.0,0.86,0.14
2022-02-16,0.0,0.0,1.0,0.0
2022-02-19,-0.2263,0.13699999999999998,0.863,0.0
2022-02-20,-0.4404,0.107,0.8240000000000001,0.069
2022-02-21,0.6597,0.0,0.8909999999999999,0.109
2022-02-22,0.6382,0.073,0.815,0.112
2022-02-23,0.0,0.0,1.0,0.0
2022-02-24,0.8581,0.041,0.8290000000000001,0.13
2022-02-25,0.9028,0.061,0.794,0.145
2022-02-26,0.91,0.079,0.6829999999999999,0.238
2022-02-27,0.5859,0.0,0.648,0.35200000000000004
2022-02-28,-0.3885,0.168,0.8320000000000001,0.0
2022-03-02,0.0,0.0,1.0,0.0
2022-03-03,0.8481,0.077,0.8009999999999999,0.123
2022-03-04,-0.6757,0.246,0.628,0.126
2022-03-05,0.4019,0.0,0.87,0.13
2022-03-06,0.8759999999999999,0.0,0.606,0.394
2022-03-07,0.9504,0.04,0.813,0.147
2022-03-08,0.4939,0.027000000000000003,0.907,0.066
2022-03-09,0.6369,0.059,0.774,0.16699999999999998
2022-03-10,0.9926,0.018000000000000002,0.792,0.19
2022-03-11,-0.2263,0.041,0.959,0.0
2022-03-13,0.9601,0.018000000000000002,0.831,0.151
2022-03-16,-0.4215,0.128,0.872,0.0
2022-03-17,-0.2263,0.128,0.872,0.0
2022-03-18,-0.4404,0.062,0.913,0.025
2022-03-31,0.4576,0.0,0.9,0.1
2022-04-01,0.9096,0.061,0.802,0.137
